,Ticker,Name,Sector,AssetClass,MarketValue,Weight,NotionalValue,Shares,CUSIP,ISIN,SEDOL,Price,Location,Exchange,Currency,FXRate,Maturity,MarketCurrency,Year
0,PMCS,PMC-SIERRA INC.,-,Equity,1760099.22,0.010153,1760099,296313.0,69344F106,US69344F1066,2807492,5.94,United States,NASDAQ,USD,1.00,,-,2006
1,ANDW,ANDREW CORP.,-,Equity,2100526.48,0.012117,2100526,227576.0,034425108,US0344251089,2032670,9.23,United States,NASDAQ,USD,1.00,,-,2006
2,PGL,PEOPLES ENERGY CORPORATION,-,Equity,2226319.2,0.012842,2226319,54768.0,711030106,US7110301063,2681403,40.65,United States,New York Stock Exchange Inc.,USD,1.00,,-,2006
3,NAV,NAVISTAR INTERNATIONAL CORP,-,Equity,2275103.48,0.013124,2275103,88114.0,63934E108,US63934E1082,2624464,25.82,United States,New York Stock Exchange Inc.,USD,1.00,,-,2006
4,ADCT,ADC TELECOMMUNICATIONS,-,Equity,2519550.28,0.014534,2519550,167970.0,000886309,US0008863096,B08G9Z7,15.0,United States,NASDAQ,USD,1.00,,-,2006
5,HPC,HERCULES INC.,-,Equity,2592903.4,0.014957,2592903,164420.0,427056106,US4270561065,2422442,15.77,United States,New York Stock Exchange Inc.,USD,1.00,,-,2006
6,GAS.2,NICOR INC,-,Equity,2712224.04,0.015645,2712224,63429.0,654086107,US6540861076,2639509,42.76,United States,New York Stock Exchange Inc.,USD,1.00,,-,2006
7,PMTC,PARAMETRIC TECHNOLOGY CORP.,-,Equity,2769871.85,0.015978,2769872,158641.0,699173209,US6991732099,B103771,17.46,United States,NASDAQ,USD,1.00,,-,2006
8,UIS,UNISYS CORP,-,Equity,2776150.76,0.016014,2776151,490486.0,909214306,US9092143067,2931595,5.66,United States,New York Stock Exchange Inc.,USD,1.00,,-,2006
9,MDP,MEREDITH CORP,-,Equity,2805002.46,0.016181,2805002,56862.0,589433101,US5894331017,2578516,49.33,United States,New York Stock Exchange Inc.,USD,1.00,,-,2006
10,SANM,SANMINA-SCI CORP.,-,Equity,2842598.22,0.016397,2842598,760053.0,800907206,US8009072062,2780366,3.74,United States,NASDAQ,USD,1.00,,-,2006
11,LPX,LOUISIANA PACIFIC CORP,-,Equity,2853959.73,0.016463,2853960,152049.0,546347105,US5463471053,2535243,18.77,United States,New York Stock Exchange Inc.,USD,1.00,,-,2006
12,DDS,DILLARDS INC CLASS A,-,Equity,2879552.67,0.016611,2879553,87979.0,254067101,US2540671011,2269768,32.73,United States,New York Stock Exchange Inc.,USD,1.00,,-,2006
13,DYN,DYNEGY INC. (CL A),-,Equity,2975345.64,0.017163,2975346,537066.0,26816Q101,US26816Q1013,-,5.54,United States,New York Stock Exchange Inc.,USD,1.00,,-,2006
14,NOVL,NOVELL,-,Equity,2975923.44,0.017166,2975923,486262.0,670006105,US6700061053,2650793,6.12,United States,NASDAQ,USD,1.00,,-,2006
15,DJ,DOW JONES & COMPANY INC.,-,Equity,3077798.1,0.017754,3077798,91765.0,260561105,US2605611050,2279002,33.54,United States,New York Stock Exchange Inc.,USD,1.00,,-,2006
16,BIG,BIG LOTS INC,-,Equity,3145095.03,0.018142,3145095,158763.0,089302103,US0893021032,2218447,19.81,United States,New York Stock Exchange Inc.,USD,1.00,,-,2006
17,CIEN,CIENA CORP,-,Equity,3292562.99,0.018993,3292563,120828.0,171779309,US1717793095,B1FLZ21,27.25,United States,New York Stock Exchange Inc.,USD,1.00,,-,2006
18,PKI,PERKINELMER INC,-,Equity,3437725.86,0.01983,3437726,181602.0,714046109,US7140461093,2305844,18.93,United States,New York Stock Exchange Inc.,USD,1.00,,-,2006
19,TEK,TEKTRONIX INC.,-,Equity,3488003.31,0.02012,3488003,120567.0,879131100,US8791311009,2880501,28.93,United States,New York Stock Exchange Inc.,USD,1.00,,-,2006
20,GT,GOODYEAR TIRE & RUBBER,-,Equity,3680970.0,0.021233,3680970,253860.0,382550101,US3825501014,2378200,14.5,United States,NASDAQ,USD,1.00,,-,2006
21,SNA,SNAP ON INC,-,Equity,3725671.95,0.021491,3725672,83629.0,833034101,US8330341012,2818740,44.55,United States,New York Stock Exchange Inc.,USD,1.00,,-,2006
22,RSHCQ,RS LEGACY CORP,-,Equity,3727679.2,0.021503,3727679,193144.0,750438103,US7504381036,2871505,19.3,United States,Non-Nms Quotation Service (Nnqs),USD,1.00,,-,2006
23,TER,TERADYNE INC,-,Equity,3737624.24,0.02156,3737624,284014.0,880770102,US8807701029,2884183,13.16,United States,NASDAQ,USD,1.00,,-,2006
24,WPI,WATSON PHARMACEUTICALS,-,Equity,3814356.01,0.022003,3814356,145753.0,942683103,US9426831031,2943545,26.17,United States,New York Stock Exchange Inc.,USD,1.00,,-,2006
25,BOL,BAUSCH & LOMB INC.,-,Equity,3864271.05,0.022291,3864271,77085.0,071707103,US0717071031,2084637,50.13,United States,New York Stock Exchange Inc.,USD,1.00,,-,2006
26,AW,ALLIED WASTE INDUSTRIES INC.,-,Equity,4048341.78,0.023353,4048342,359214.0,019589308,US0195893088,2039831,11.27,United States,New York Stock Exchange Inc.,USD,1.00,,-,2006
27,CVG,CONVERGYS CORP,-,Equity,4141151.0,0.023888,4141151,200540.0,212485106,US2124851062,2284761,20.65,United States,New York Stock Exchange Inc.,USD,1.00,,-,2006
28,BC,BRUNSWICK CORP,-,Equity,4190626.02,0.024173,4190626,134358.0,117043109,US1170431092,2149309,31.19,United States,New York Stock Exchange Inc.,USD,1.00,,-,2006
29,CPWR,COMPUWARE CORP.,-,Equity,4216282.97,0.024321,4216283,541243.0,205638109,US2056381096,2220884,7.79,United States,NASDAQ,USD,1.00,,-,2006
30,SLR,SOLECTRON CORP.,-,Equity,4274410.94,0.024657,4274411,1311169.0,834182107,US8341821077,2820563,3.26,United States,New York Stock Exchange Inc.,USD,1.00,,-,2006
31,OMX,OFFICEMAX INC.,-,Equity,4293955.26,0.024769,4293955,105399.0,67622P101,US67622P1012,2109002,40.74,United States,New York Stock Exchange Inc.,USD,1.00,,-,2006
32,FII,FEDERATED INVESTORS INC CLASS B,-,Equity,4350806.04,0.025097,4350806,128684.0,314211103,US3142111034,2246288,33.81,United States,New York Stock Exchange Inc.,USD,1.00,,-,2006
33,QLG,QLOGIC,-,Equity,4372760.7,0.025224,4372761,231363.0,-,US7472771010,5643808,18.9,United States,Boerse Muenchen,USD,1.00,,-,2006
34,IFF,INTERNATIONAL FLAVORS & FRAGRANCES,-,Equity,4465173.12,0.025757,4465173,112928.0,459506101,US4595061015,2464165,39.54,United States,New York Stock Exchange Inc.,USD,1.00,,-,2006
35,TSG,SABRE HOLDINGS CORPORATION,-,Equity,4474881.24,0.025813,4474881,191316.0,785905100,-,2786159,23.39,United States,New York Stock Exchange Inc.,USD,1.00,,-,2006
36,AN,AUTONATION INC,-,Equity,4554841.5,0.026274,4554842,217935.0,05329W102,US05329W1027,2732635,20.9,United States,New York Stock Exchange Inc.,USD,1.00,,-,2006
37,R,RYDER SYSTEM INC,-,Equity,4557504.16,0.02629,4557504,88187.0,783549108,US7835491082,2760669,51.68,United States,New York Stock Exchange Inc.,USD,1.00,,-,2006
38,TAP,MOLSON COORS BREWING  CLASS B,-,Equity,4568621.2,0.026354,4568621,66308.0,60871R209,US60871R2094,B067BM3,68.9,United States,New York Stock Exchange Inc.,USD,1.00,,-,2006
39,CMS,CMS ENERGY CORP,-,Equity,4570794.28,0.026366,4570794,316537.0,125896100,US1258961002,2219224,14.44,United States,New York Stock Exchange Inc.,USD,1.00,,-,2006
40,TE,TECO ENERGY INC,-,Equity,4674498.5,0.026965,4674499,298690.0,872375100,US8723751009,2880255,15.65,United States,New York Stock Exchange Inc.,USD,1.00,,-,2006
41,MIL.,MILLIPORE CORP,-,Equity,4689511.3,0.027051,4689511,76501.0,601073109,US6010731098,2594437,61.3,United States,New York Stock Exchange Inc.,USD,1.00,,-,2006
42,LSI,LSI CORP,-,Equity,4697031.3,0.027095,4697031,571415.0,502161102,US5021611026,2498993,8.22,United States,NASDAQ,USD,1.00,,-,2006
43,NYT,NEW YORK TIMES CLASS A,-,Equity,4774370.76,0.027541,4774371,207762.0,650111107,US6501111073,2632003,22.98,United States,New York Stock Exchange Inc.,USD,1.00,,-,2006
44,KBH,KB HOME,-,Equity,4895131.8,0.028237,4895132,111761.0,48666K109,US48666K1097,2485070,43.8,United States,New York Stock Exchange Inc.,USD,1.00,,-,2006
45,NVLS,NOVELLUS SYSTEMS INC.,-,Equity,4948125.06,0.028543,4948125,178891.0,670008101,US6700081010,2650748,27.66,United States,NASDAQ,USD,1.00,,-,2006
46,BMS,BEMIS INC,-,Equity,4961202.8,0.028618,4961203,150980.0,081437105,US0814371052,2090173,32.86,United States,New York Stock Exchange Inc.,USD,1.00,,-,2006
47,RDC,ROWAN COMPANIES PLC,-,Equity,4986722.54,0.028766,4986723,157658.0,779382100,US7793821007,2753197,31.63,United States,New York Stock Exchange Inc.,USD,1.00,,-,2006
48,CCTYQ,CIRCUIT CITY STORES INC,-,Equity,5136828.03,0.029632,5136828,204573.0,172737108,US1727371080,2199326,25.11,United States,Non-Nms Quotation Service (Nnqs),USD,1.00,,-,2006
49,JNY,JONES GROUP INC,-,Equity,5235718.68,0.030202,5235719,161397.0,48020T101,US48020T1016,2477152,32.44,United States,New York Stock Exchange Inc.,USD,1.00,,-,2006
50,UNS1,VIAVI SOLUTIONS INC,-,Equity,5311886.61,0.030641,5311887,2425519.0,-,US46612J5074,B1G2LW5,2.19,United States,Boerse Stuttgart,USD,1.00,,-,2006
51,APCC.,AMERICAN POWER CONVERSION CORPORAT,-,Equity,5341770.0,0.030814,5341770,243250.0,029066107,US0290661075,2028572,21.96,United States,NASDAQ,USD,1.00,,-,2006
52,SBL,SYMBOL TECHNOLOGIES INC.,-,Equity,5390108.36,0.031093,5390108,362726.0,871508107,US8715081076,2867913,14.86,United States,New York Stock Exchange Inc.,USD,1.00,,-,2006
53,HAS,HASBRO INC,-,Equity,5399462.25,0.031147,5399462,237339.0,418056107,US4180561072,2414580,22.75,United States,NASDAQ,USD,1.00,,-,2006
54,THC,TENET HEALTHCARE CORP.,-,Equity,5476697.82,0.031592,5476698,672813.0,88033G100,US88033G1004,2626879,8.14,United States,New York Stock Exchange Inc.,USD,1.00,,-,2006
55,PLL,PALL CORP,-,Equity,5507842.08,0.031772,5507842,178768.0,696429307,US6964293079,2668804,30.81,United States,New York Stock Exchange Inc.,USD,1.00,,-,2006
56,HCR,MANOR CARE INC.,-,Equity,5526518.8,0.031879,5526519,105710.0,564055101,US5640551017,2417868,52.28,United States,New York Stock Exchange Inc.,USD,1.00,,-,2006
57,AHEB GR,ALBERTO-CULVER CO.,-,Equity,5628997.54,0.032471,5628998,111267.0,013068101,US0130681010,2012586,50.59,United States,New York Stock Exchange Inc.,USD,1.00,,-,2006
58,PTV,PACTIV CORP,-,Equity,5687040.94,0.032805,5687041,200107.0,695257105,US6952571056,2511328,28.42,United States,New York Stock Exchange Inc.,USD,1.00,,-,2006
59,TSN,TYSON FOODS INC CLASS A,-,Equity,5725121.12,0.033025,5725121,360524.0,902494103,US9024941034,2909730,15.88,United States,New York Stock Exchange Inc.,USD,1.00,,-,2006
60,SWK,STANLEY WORKS,-,Equity,5747356.05,0.033153,5747356,115293.0,854616109,US8546161097,2840549,49.85,United States,New York Stock Exchange Inc.,USD,1.00,,-,2006
61,SSP,EW SCRIPPS CLASS A,-,Equity,5783713.1,0.033363,5783713,120670.0,811054402,US8110544025,2862532,47.93,United States,NASDAQ,USD,1.00,,-,2006
62,ASH,ASHLAND GLOBAL INC,-,Equity,5852452.8,0.03376,5852453,91760.0,044209104,US0442091049,B0BVFJ5,63.78,United States,New York Stock Exchange Inc.,USD,1.00,,-,2006
63,FNP,FIFTH & PACIFIC CO INC,-,Equity,5892679.44,0.033992,5892679,149144.0,539320101,US5393201018,2519861,39.51,United States,New York Stock Exchange Inc.,USD,1.00,,-,2006
64,KG,KING PHARMACEUTICALS,-,Equity,5897880.69,0.034022,5897881,346323.0,495582108,US4955821081,2259468,17.03,United States,New York Stock Exchange Inc.,USD,1.00,,-,2006
65,JNS,JANUS CAPITAL GROUP INC,-,Equity,5908466.96,0.034083,5908467,299618.0,47102X105,US47102X1054,2605555,19.72,United States,New York Stock Exchange Inc.,USD,1.00,,-,2006
66,MYL,MYLAN INC,-,Equity,6065491.08,0.034988,6065491,301316.0,628530107,US6285301072,2613804,20.13,United States,NASDAQ,USD,1.00,,-,2006
67,IPG,INTERPUBLIC GROUP OF COMPANIES INC,-,Equity,6073412.4,0.035034,6073412,613476.0,460690100,US4606901001,2466321,9.9,United States,New York Stock Exchange Inc.,USD,1.00,,-,2006
68,BLL,BALL CORP,-,Equity,6090111.55,0.03513,6090112,150559.0,058498106,US0584981064,2073022,40.45,United States,New York Stock Exchange Inc.,USD,1.00,,-,2006
69,DG.1,DOLLAR GENERAL CORP.,-,Equity,6091028.93,0.035136,6091029,446884.0,256669102,US2566691026,2272205,13.63,United States,New York Stock Exchange Inc.,USD,1.00,,-,2006
70,CMVT,COMVERSE TECHNOLOGY INC.,-,Equity,6245193.28,0.036025,6245193,291287.0,205862402,US2058624022,2193362,21.44,United States,NASDAQ,USD,1.00,,-,2006
71,TIN,TEMPLE-INLAND INC,-,Equity,6308692.4,0.036391,6308692,157324.0,879868107,US8798681073,2883395,40.1,United States,New York Stock Exchange Inc.,USD,1.00,,-,2006
72,SEE,SEALED AIR CORP,-,Equity,6354120.96,0.036653,6354121,117408.0,81211K100,US81211K1007,2232793,54.12,United States,New York Stock Exchange Inc.,USD,1.00,,-,2006
73,EMN,EASTMAN CHEMICAL,-,Equity,6363015.8,0.036705,6363016,117790.0,277432100,US2774321002,2298386,54.02,United States,New York Stock Exchange Inc.,USD,1.00,,-,2006
74,CNP,CENTERPOINT ENERGY INC,-,Equity,6407641.52,0.036962,6407642,447461.0,15189T107,US15189T1079,2440637,14.32,United States,New York Stock Exchange Inc.,USD,1.00,,-,2006
75,FDO,FAMILY DOLLAR STORES INC,-,Equity,6424846.72,0.037061,6424847,219728.0,307000109,US3070001090,2331225,29.24,United States,New York Stock Exchange Inc.,USD,1.00,,-,2006
76,PNW,PINNACLE WEST CORP,-,Equity,6441203.95,0.037156,6441204,142979.0,723484101,US7234841010,2048804,45.05,United States,New York Stock Exchange Inc.,USD,1.00,,-,2006
77,LEG,LEGGETT & PLATT INC,-,Equity,6530402.09,0.03767,6530402,260903.0,524660107,US5246601075,2510682,25.03,United States,New York Stock Exchange Inc.,USD,1.00,,-,2006
78,FTR,FRONTIER COMMUNICATIONS CORP,-,Equity,6540800.76,0.03773,6540801,465869.0,35906A108,US35906A1088,2197933,14.04,United States,NASDAQ,USD,1.00,,-,2006
79,CTL,CENTURYLINK INC,-,Equity,6637425.72,0.038288,6637426,167316.0,156700106,US1567001060,2185046,39.67,United States,New York Stock Exchange Inc.,USD,1.00,,-,2006
80,TIF,TIFFANY,-,Equity,6643950.8,0.038325,6643951,200119.0,886547108,US8865471085,2892090,33.2,United States,New York Stock Exchange Inc.,USD,1.00,,-,2006
81,MWW,MONSTER WORLDWIDE INC.,-,Equity,6686681.54,0.038572,6686682,184766.0,611742107,US6117421072,2892045,36.19,United States,New York Stock Exchange Inc.,USD,1.00,,-,2006
82,FHN,FIRST HORIZON NATIONAL CORP,-,Equity,6712984.11,0.038723,6712984,176611.0,320517105,US3205171057,2341484,38.01,United States,New York Stock Exchange Inc.,USD,1.00,,-,2006
83,WAT,WATER CORP,-,Equity,6718103.04,0.038753,6718103,148368.0,941848103,US9418481035,2937689,45.28,United States,New York Stock Exchange Inc.,USD,1.00,,-,2006
84,PDCO,PATTERSON COMPANIES INC,-,Equity,6718672.61,0.038756,6718673,199901.0,703395103,US7033951036,2672689,33.61,United States,NASDAQ,USD,1.00,,-,2006
85,EFX,EQUIFAX INC,-,Equity,6734155.82,0.038846,6734156,183442.0,294429105,US2944291051,2319146,36.71,United States,New York Stock Exchange Inc.,USD,1.00,,-,2006
86,MWV,MEADWESTVACO CORP,-,Equity,6880193.36,0.039688,6880193,259532.0,583334107,US5833341077,2840044,26.51,United States,New York Stock Exchange Inc.,USD,1.00,,-,2006
87,PBG,PEPSI BOTTLING,-,Equity,6888668.5,0.039737,6888669,194047.0,713409100,US7134091005,2404569,35.5,United States,New York Stock Exchange Inc.,USD,1.00,,-,2006
88,TLAB,TELLABS INC.,-,Equity,7026751.92,0.040533,7026752,641127.0,879664100,US8796641004,2881537,10.96,United States,NASDAQ,USD,1.00,,-,2006
89,VRSN,VERISIGN INC,-,Equity,7107794.2,0.041001,7107794,351871.0,92343E102,US92343E1029,2142922,20.2,United States,NASDAQ,USD,1.00,,-,2006
90,MTG,MGIC INVESTMENT CORP,-,Equity,7150522.95,0.041247,7150523,119235.0,552848103,US5528481030,2548616,59.97,United States,New York Stock Exchange Inc.,USD,1.00,,-,2006
91,MKC,MCCORMICK & CO NON-VOTING INC,-,Equity,7204540.14,0.041559,7204540,189693.0,579780206,US5797802064,2550161,37.98,United States,New York Stock Exchange Inc.,USD,1.00,,-,2006
92,HMA,HEALTH MANAGEMENT ASSOCIATES INC C,-,Equity,7242853.2,0.04178,7242853,346548.0,421933102,US4219331026,2417987,20.9,United States,New York Stock Exchange Inc.,USD,1.00,,-,2006
93,GR,GOODRICH CORP,-,Equity,7248946.96,0.041815,7248947,178898.0,382388106,US3823881061,2377809,40.52,United States,New York Stock Exchange Inc.,USD,1.00,,-,2006
94,SIAL,SIGMA ALDRICH CORP,-,Equity,7295042.02,0.042081,7295042,96406.0,826552101,US8265521018,2807566,75.67,United States,NASDAQ,USD,1.00,,-,2006
95,GWW,WW GRAINGER INC,-,Equity,7295730.18,0.042085,7295730,108859.0,384802104,US3848021040,2380863,67.02,United States,New York Stock Exchange Inc.,USD,1.00,,-,2006
96,EL,ESTEE LAUDER INC CLASS A,-,Equity,7444635.69,0.042944,7444636,184593.0,518439104,US5184391044,2320524,40.33,United States,New York Stock Exchange Inc.,USD,1.00,,-,2006
97,AV.1,AVAYA INC.,-,Equity,7467986.24,0.043079,7467986,652796.0,053499109,US0534991098,2624356,11.44,United States,New York Stock Exchange Inc.,USD,1.00,,-,2006
98,JBL,JABIL INC,-,Equity,7542394.29,0.043508,7542394,263997.0,466313103,US4663131039,2471789,28.57,United States,New York Stock Exchange Inc.,USD,1.00,,-,2006
99,AIV,APARTMENT INVESTMENT AND MANAGEMEN,-,Equity,7573436.72,0.043687,7573437,139192.0,03748R101,US03748R1014,2057059,54.41,United States,New York Stock Exchange Inc.,USD,1.00,,-,2006
100,HAR,HARMAN INTERNATIONAL INC,-,Equity,7678732.88,0.044294,7678733,92027.0,413086109,US4130861093,2411138,83.44,United States,-,USD,1.00,,-,2006
101,RX,IMS HEALTH INC.,-,Equity,7687478.16,0.044345,7687478,288569.0,449934108,US4499341083,2256511,26.64,United States,New York Stock Exchange Inc.,USD,1.00,,-,2006
102,AZO,AUTOZONE INC,-,Equity,7870530.3,0.045401,7870530,76191.0,053332102,US0533321024,2065955,103.3,United States,New York Stock Exchange Inc.,USD,1.00,,-,2006
103,BRL,BARR PHARMACEUTICALS INC.,-,Equity,7925109.08,0.045716,7925109,152582.0,068306109,US0683061099,2081779,51.94,United States,New York Stock Exchange Inc.,USD,1.00,,-,2006
104,MOLX,MOLEX INC.,-,Equity,7941930.12,0.045813,7941930,203796.0,608554101,US6085541018,2599142,38.97,United States,NASDAQ,USD,1.00,,-,2006
105,WYND,WYNDHAM DESTINATIONS INC,-,Equity,8014943.31,0.046234,8014943,286555.0,98310W108,US98310W1080,B198391,27.97,United States,New York Stock Exchange Inc.,USD,1.00,,-,2006
106,HBAN,HUNTINGTON BANCSHARES INC,-,Equity,8038996.34,0.046373,8038996,335938.0,446150104,US4461501045,2445966,23.93,United States,NASDAQ,USD,1.00,,-,2006
107,CTAS,CINTAS CORP,-,Equity,8046082.29,0.046413,8046082,197063.0,172908105,US1729081059,2197137,40.83,United States,NASDAQ,USD,1.00,,-,2006
108,BMC,BMC SOFTWARE INC.,-,Equity,8074214.16,0.046576,8074214,296628.0,055921100,US0559211000,2068921,27.22,United States,NASDAQ,USD,1.00,,-,2006
109,DF,DEAN FOODS CO.,-,Equity,8117507.64,0.046825,8117508,193182.0,242370104,US2423701042,2858649,42.02,United States,New York Stock Exchange Inc.,USD,1.00,,-,2006
110,H.4,REALOGY CORPORATION,-,Equity,8124565.68,0.046866,8124566,358226.0,75605E100,US75605E1001,B198380,22.68,United States,New York Stock Exchange Inc.,USD,1.00,,-,2006
111,AVY,AVERY DENNISON CORP,-,Equity,8219101.66,0.047411,8219102,136598.0,053611109,US0536111091,2066408,60.17,United States,New York Stock Exchange Inc.,USD,1.00,,-,2006
112,CCE,COCA-COLA ENTERPRISES INC.,-,Equity,8306733.21,0.047917,8306733,398787.0,191219104,US1912191046,2206969,20.83,United States,New York Stock Exchange Inc.,USD,1.00,,-,2006
113,CNX,CONSOL ENERGY INC,-,Equity,8365963.53,0.048259,8365964,263661.0,20854P109,US20854P1093,2413758,31.73,United States,New York Stock Exchange Inc.,USD,1.00,,-,2006
114,LXK,LEXMARK INTERNATIONAL INC.,-,Equity,8366523.66,0.048262,8366524,145101.0,529771107,US5297711070,2511908,57.66,United States,New York Stock Exchange Inc.,USD,1.00,,-,2006
115,RHI,ROBERT HALF,-,Equity,8400509.24,0.048458,8400509,247292.0,770323103,US7703231032,2110703,33.97,United States,New York Stock Exchange Inc.,USD,1.00,,-,2006
116,NI,NISOURCE INC,-,Equity,8493426.68,0.048994,8493427,390682.0,65473P105,US65473P1057,2645409,21.74,United States,New York Stock Exchange Inc.,USD,1.00,,-,2006
117,BDK,THE BLACK & DECKER CORPORATION,-,Equity,8501797.05,0.049042,8501797,107143.0,091797100,US0917971006,2101503,79.35,United States,New York Stock Exchange Inc.,USD,1.00,,-,2006
118,HSP,HOSPIRA INC,-,Equity,8619016.35,0.049718,8619016,225216.0,441060100,US4410601003,B00PWV9,38.27,United States,New York Stock Exchange Inc.,USD,1.00,,-,2006
119,PCL,PLUM CREEK TIMBER COMPANY REIT INC,-,Equity,8639828.56,0.049838,8639829,253814.0,729251108,US7292511083,2692397,34.04,United States,-,USD,1.00,,-,2006
120,STZ,CONSTELLATION BRANDS INC CLASS A,-,Equity,8684940.6,0.050099,8684941,301770.0,21036P108,US21036P1084,2170473,28.78,United States,New York Stock Exchange Inc.,USD,1.00,,-,2006
121,BFB,BROWN FORMAN CORP CLASS B,-,Equity,8707516.65,0.050229,8707517,113601.0,115637209,US1156372096,2146838,76.65,United States,New York Stock Exchange Inc.,USD,1.00,,-,2006
122,ABI,APPLERA CORP-APPLIED BIOSYSTEMS,-,Equity,8730312.36,0.05036,8730312,263676.0,038020103,-,-,33.11,United States,New York Stock Exchange Inc.,USD,1.00,,-,2006
123,ACS,AFFILIATED COMPUTER SERVICES INC.,-,Equity,8845086.02,0.051022,8845086,170557.0,008190100,US0081901003,2034524,51.86,United States,New York Stock Exchange Inc.,USD,1.00,,-,2006
124,DRI,DARDEN RESTAURANTS INC,-,Equity,8869519.75,0.051163,8869520,208842.0,237194105,US2371941053,2289874,42.47,United States,New York Stock Exchange Inc.,USD,1.00,,-,2006
125,ATI,ALLEGHENY TECHNOLOGIES INC,-,Equity,8948145.96,0.051617,8948146,143884.0,01741R102,US01741R1023,2526117,62.19,United States,New York Stock Exchange Inc.,USD,1.00,,-,2006
126,TMO,THERMO FISHER SCIENTIFIC INC,-,Equity,8965234.17,0.051715,8965234,227949.0,883556102,US8835561023,2886907,39.33,United States,New York Stock Exchange Inc.,USD,1.00,,-,2006
127,WIN,WINDSTREAM CORP.,-,Equity,8973051.51,0.051761,8973052,680292.0,97381W104,US97381W1045,B180376,13.19,United States,NASDAQ,USD,1.00,,-,2006
128,SVU,SUPERVALU INC,-,Equity,8988189.95,0.051848,8988190,303143.0,868536103,US8685361037,2863610,29.65,United States,New York Stock Exchange Inc.,USD,1.00,,-,2006
129,CMI,CUMMINS INC,-,Equity,8999361.17,0.051912,8999361,75479.0,231021106,US2310211063,2240202,119.23,United States,New York Stock Exchange Inc.,USD,1.00,,-,2006
130,SHW,SHERWIN WILLIAMS,-,Equity,9002334.2,0.051929,9002334,161390.0,824348106,US8243481061,2804211,55.78,United States,New York Stock Exchange Inc.,USD,1.00,,-,2006
131,CTX,CENTEX CORP.,-,Equity,9020804.46,0.052036,9020804,171433.0,152312104,US1523121044,2183244,52.62,United States,New York Stock Exchange Inc.,USD,1.00,,-,2006
132,TRB,TRIBUNE COMPANY,-,Equity,9022670.88,0.052047,9022671,275754.0,896047107,US8960471071,2903550,32.72,United States,New York Stock Exchange Inc.,USD,1.00,,-,2006
133,TMK,TORCHMARK CORP,-,Equity,9026244.64,0.052067,9026245,143024.0,891027104,US8910271043,2896713,63.11,United States,New York Stock Exchange Inc.,USD,1.00,,-,2006
134,LEN,LENNAR A CORP,-,Equity,9077150.0,0.052361,9077150,200600.0,526057104,US5260571048,2511920,45.25,United States,New York Stock Exchange Inc.,USD,1.00,,-,2006
135,EKDKQ,EASTMAN KODAK CO.,-,Equity,9257628.8,0.053402,9257629,413287.0,277461109,US2774611097,2300601,22.4,United States,Non-Nms Quotation Service (Nnqs),USD,1.00,,-,2006
136,VFC,VF CORP,-,Equity,9277416.25,0.053516,9277416,127175.0,918204108,US9182041080,2928683,72.95,United States,New York Stock Exchange Inc.,USD,1.00,,-,2006
137,DHI,D R HORTON INC,-,Equity,9372137.95,0.054063,9372138,391321.0,23331A109,US23331A1097,2250687,23.95,United States,New York Stock Exchange Inc.,USD,1.00,,-,2006
138,WHR,WHIRLPOOL CORP,-,Equity,9421749.87,0.054349,9421750,112017.0,963320106,US9633201069,2960384,84.11,United States,New York Stock Exchange Inc.,USD,1.00,,-,2006
139,ALTR,ALTERA CORP,-,Equity,9462630.54,0.054585,9462631,514833.0,021441100,US0214411003,2021690,18.38,United States,NASDAQ,USD,1.00,,-,2006
140,AYE,ALLEGHENY ENERGY,-,Equity,9475058.58,0.054656,9475059,235874.0,017361106,US0173611064,2024020,40.17,United States,New York Stock Exchange Inc.,USD,1.00,,-,2006
141,UUM,UNUM,-,Equity,9531367.79,0.054981,9531368,491561.0,91529Y106,US91529Y1064,5925777,19.39,United States,Deutsche Boerse Xetra,USD,1.00,,-,2006
142,CTXS,CITRIX SYSTEMS INC,-,Equity,9547092.39,0.055072,9547092,263659.0,177376100,US1773761002,2182553,36.21,United States,NASDAQ,USD,1.00,,-,2006
143,FLR,FLUOR CORP,-,Equity,9685141.29,0.055868,9685141,125961.0,343412102,US3434121022,2696838,76.89,United States,New York Stock Exchange Inc.,USD,1.00,,-,2006
144,PHM,PULTEGROUP INC,-,Equity,9766810.44,0.056339,9766810,306554.0,745867101,US7458671010,2708841,31.86,United States,New York Stock Exchange Inc.,USD,1.00,,-,2006
145,CBH,COMMERCE BANCORP NJ,-,Equity,9808324.64,0.056579,9808325,267184.0,200519106,US2005191067,2192295,36.71,United States,New York Stock Exchange Inc.,USD,1.00,,-,2006
146,ROH,ROHM & HAAS CO.,-,Equity,9828865.65,0.056697,9828866,207579.0,775371107,US7753711073,2746829,47.35,United States,New York Stock Exchange Inc.,USD,1.00,,-,2006
147,APOL,APOLLO EDUCATION GROUP INC CLASS A,-,Equity,9874589.6,0.056961,9874590,200540.0,037604105,US0376041051,2043694,49.24,United States,NASDAQ,USD,1.00,,-,2006
148,SAF,SAFECO CORP,-,Equity,9914206.41,0.05719,9914206,168237.0,786429100,US7864291007,2766805,58.93,United States,New York Stock Exchange Inc.,USD,1.00,,-,2006
149,MEDI,MEDIMMUNE INC.,-,Equity,10111392.02,0.058327,10111392,346162.0,584699102,US5846991025,2575896,29.21,United States,NASDAQ,USD,1.00,,-,2006
150,HRB,H&R BLOCK INC,-,Equity,10111578.36,0.058328,10111578,465114.0,093671105,US0936711052,2105505,21.74,United States,New York Stock Exchange Inc.,USD,1.00,,-,2006
151,NSM.2,NATIONAL SEMICONDUCTOR CORP,-,Equity,10126300.21,0.058413,10126300,430357.0,637640103,US6376401039,2626921,23.53,United States,New York Stock Exchange Inc.,USD,1.00,,-,2006
152,RRD,RR DONNELLEY AND SONS,-,Equity,10242418.88,0.059083,10242419,310753.0,257867101,US2578671016,2276605,32.96,United States,New York Stock Exchange Inc.,USD,1.00,,-,2006
153,USX1,US STEEL CORP,-,Equity,10264905.84,0.059213,10264906,177963.0,912909108,US9129091081,B1C5WK3,57.68,United States,Deutsche Boerse Xetra,USD,1.00,,-,2006
154,NCR,NCR CORP,-,Equity,10286316.6,0.059336,10286317,260545.0,62886E108,US62886E1082,2632650,39.48,United States,New York Stock Exchange Inc.,USD,1.00,,-,2006
155,KSE,KEYSPAN CORPORATION,-,Equity,10326427.98,0.059567,10326428,251007.0,49337W100,US49337W1009,2249629,41.14,United States,New York Stock Exchange Inc.,USD,1.00,,-,2006
156,EQ,EMBARQ CORP.,-,Equity,10344311.61,0.059671,10344312,213858.0,29078E105,US29078E1055,B142VX8,48.37,United States,New York Stock Exchange Inc.,USD,1.00,,-,2006
157,CBSS,COMPASS BANCSHARES,-,Equity,10578849.82,0.061024,10578850,185659.0,20449H109,US20449H1095,2183330,56.98,United States,NASDAQ,USD,1.00,,-,2006
158,ASD,AMERICAN STANDARD COS INC,-,Equity,10585841.28,0.061064,10585841,252224.0,029712106,US0297121065,-,41.97,United States,New York Stock Exchange Inc.,USD,1.00,,-,2006
159,DTE,DTE ENERGY,-,Equity,10609748.45,0.061202,10609748,255595.0,233331107,US2333311072,2280220,41.51,United States,New York Stock Exchange Inc.,USD,1.00,,-,2006
160,GPC,GENUINE PARTS,-,Equity,10672389.11,0.061563,10672389,247447.0,372460105,US3724601055,2367480,43.13,United States,New York Stock Exchange Inc.,USD,1.00,,-,2006
161,MAT,MATTEL INC,-,Equity,10764119.4,0.062092,10764119,546402.0,577081102,US5770811025,2572303,19.7,United States,NASDAQ,USD,1.00,,-,2006
162,XLNX,XILINX INC,-,Equity,10782213.15,0.062197,10782213,491217.0,983919101,US9839191015,2985677,21.95,United States,NASDAQ,USD,1.00,,-,2006
163,VMC,VULCAN MATERIALS,-,Equity,10914544.75,0.06296,10914545,139483.0,929160109,US9291601097,2931205,78.25,United States,New York Stock Exchange Inc.,USD,1.00,,-,2006
164,ECL,ECOLAB INC,-,Equity,11056380.92,0.063778,11056381,258206.0,278865100,US2788651006,2304227,42.82,United States,New York Stock Exchange Inc.,USD,1.00,,-,2006
165,SOV,SOVEREIGN BANCORP INC.,-,Equity,11148654.55,0.06431,11148655,518301.0,845905108,US8459051087,2822600,21.51,United States,New York Stock Exchange Inc.,USD,1.00,,-,2006
166,BCR,C R BARD INC,-,Equity,11163375.0,0.064395,11163375,148845.0,067383109,US0673831097,2077905,75.0,United States,New York Stock Exchange Inc.,USD,1.00,,-,2006
167,NWL,NEWELL BRANDS INC,-,Equity,11272294.56,0.065024,11272295,398033.0,651229106,US6512291062,2635701,28.32,United States,NASDAQ,USD,1.00,,-,2006
168,CBE,COOPER INDUSTRIES INC.,-,Equity,11275117.32,0.06504,11275117,132306.0,-,BMG241821005,2949435,85.22,United States,New York Stock Exchange Inc.,USD,1.00,,-,2006
169,WEN.2,WENDYS INTERNATIONAL INC.,-,Equity,11309868.0,0.06524,11309868,168804.0,950590109,US9505901093,2947956,67.0,United States,New York Stock Exchange Inc.,USD,1.00,,-,2006
170,BMET,BIOMET INC.,-,Equity,11398511.2,0.065752,11398511,354101.0,090613100,US0906131000,2098597,32.19,United States,NASDAQ,USD,1.00,,-,2006
171,ADSK,AUTODESK INC,-,Equity,11592417.46,0.06687,11592417,333307.0,052769106,US0527691069,2065159,34.78,United States,NASDAQ,USD,1.00,,-,2006
172,SUN,SUNOCO INC.,-,Equity,11721260.25,0.067613,11721260,188475.0,86764P109,US86764P1093,2859868,62.19,United States,New York Stock Exchange Inc.,USD,1.00,,-,2006
173,LH,LABORATORY CORPORATION OF AMERICA,-,Equity,11804894.95,0.068096,11804895,180035.0,50540R409,US50540R4092,2586122,65.57,United States,New York Stock Exchange Inc.,USD,1.00,,-,2006
174,CVH,COVENTRY HEALTH CARE INC,-,Equity,11814308.8,0.06815,11814309,229315.0,222862104,US2228621049,2232696,51.52,United States,New York Stock Exchange Inc.,USD,1.00,,-,2006
175,FISV,FISERV INC,-,Equity,11855519.68,0.068388,11855520,251763.0,337738108,US3377381088,2342034,47.09,United States,NASDAQ,USD,1.00,,-,2006
176,MBI,MBIA INC,-,Equity,11904307.2,0.068669,11904307,193755.0,55262C100,US55262C1009,2547044,61.44,United States,New York Stock Exchange Inc.,USD,1.00,,-,2006
177,CINF,CINCINNATI FINANCIAL CORP,-,Equity,11972995.57,0.069066,11972996,249126.0,172062101,US1720621010,2196888,48.06,United States,NASDAQ,USD,1.00,,-,2006
178,XEL,XCEL ENERGY INC,-,Equity,12040560.7,0.069455,12040561,583078.0,98389B100,US98389B1008,2614807,20.65,United States,NASDAQ,USD,1.00,,-,2006
179,WFM,WHOLE FOODS MARKET INC,-,Equity,12042835.77,0.069468,12042836,202639.0,966837106,US9668371068,2963899,59.43,United States,NASDAQ,USD,1.00,,-,2006
180,CPB,CAMPBELL SOUP,-,Equity,12056023.0,0.069545,12056023,330302.0,134429109,US1344291091,2162845,36.5,United States,New York Stock Exchange Inc.,USD,1.00,,-,2006
181,CSC,COMPUTER SCIENCES CORP,-,Equity,12102922.4,0.069815,12102922,246395.0,205363104,US2053631048,2215200,49.12,United States,New York Stock Exchange Inc.,USD,1.00,,-,2006
182,ZION,ZIONS BANCORPORATION,-,Equity,12230164.21,0.070549,12230164,153241.0,989701107,US9897011071,2989828,79.81,United States,NASDAQ,USD,1.00,,-,2006
183,UVN,UNIVISION COMMUNICATIONS INC.,-,Equity,12353299.9,0.071259,12353300,359735.0,914906102,US9149061023,2941925,34.34,United States,New York Stock Exchange Inc.,USD,1.00,,-,2006
184,ABKFQ,AMBAC FINANCIAL GROUP INC,-,Equity,12594053.5,0.072648,12594054,152194.0,023139108,US0231391089,2023737,82.75,United States,Non-Nms Quotation Service (Nnqs),USD,1.00,,-,2006
185,KLAC,KLA CORP,-,Equity,12696229.47,0.073238,12696229,285501.0,482480100,US4824801009,2480138,44.47,United States,NASDAQ,USD,1.00,,-,2006
186,NE,NOBLE CORP,-,Equity,12719770.02,0.073373,12719770,198189.0,-,KYG654221004,2891718,64.18,United States,New York Stock Exchange Inc.,USD,1.00,,-,2006
187,UST.1,UST INC.,-,Equity,12732238.79,0.073445,12732239,232213.0,902911106,US9029111062,2922544,54.83,United States,New York Stock Exchange Inc.,USD,1.00,,-,2006
188,MUR,MURPHY OIL CORP,-,Equity,12740023.95,0.07349,12740024,267929.0,626717102,US6267171022,2611206,47.55,United States,New York Stock Exchange Inc.,USD,1.00,,-,2006
189,MXIM,MAXIM INTEGRATED PRODUCTS INC,-,Equity,12921912.22,0.074539,12921912,460346.0,57772K101,US57772K1016,2573760,28.07,United States,NASDAQ,USD,1.00,,-,2006
190,BJS,BJ SERVICES CO,-,Equity,12932790.29,0.074602,12932790,429233.0,055482103,US0554821035,2069065,30.13,United States,New York Stock Exchange Inc.,USD,1.00,,-,2006
191,LTD,LIMITED BRANDS INC.,-,Equity,12996815.19,0.074971,12996815,490631.0,532716107,US5327161072,2516185,26.49,United States,New York Stock Exchange Inc.,USD,1.00,,-,2006
192,ABC,AMERISOURCEBERGEN CORP,-,Equity,13160929.2,0.075918,13160929,291171.0,03073E105,US03073E1055,2795393,45.2,United States,New York Stock Exchange Inc.,USD,1.00,,-,2006
193,CMA,COMERICA INC,-,Equity,13256724.92,0.076471,13256725,232901.0,200340107,US2003401070,2212870,56.92,United States,New York Stock Exchange Inc.,USD,1.00,,-,2006
194,KIM,KIMCO REALTY REIT CORP,-,Equity,13330855.2,0.076898,13330855,310960.0,49446R109,US49446R1095,2491594,42.87,United States,New York Stock Exchange Inc.,USD,1.00,,-,2006
195,PH,PARKER-HANNIFIN CORP,-,Equity,13452731.1,0.077601,13452731,173070.0,701094104,US7010941042,2671501,77.73,United States,New York Stock Exchange Inc.,USD,1.00,,-,2006
196,MTZ,M&T BANK CORP,-,Equity,13464310.4,0.077668,13464310,112240.0,55261F104,US55261F1049,B0184C2,119.96,United States,Deutsche Boerse Xetra,USD,1.00,,-,2006
197,COL,ROCKWELL COLLINS INC,-,Equity,13495520.76,0.077848,13495521,246089.0,774341101,US7743411016,2767228,54.84,United States,New York Stock Exchange Inc.,USD,1.00,,-,2006
198,NBR,NABORS INDUSTRIES LTD,-,Equity,13503257.25,0.077893,13503257,453891.0,-,BMG6359F1032,2963372,29.75,Bermuda,New York Stock Exchange Inc.,USD,1.00,,-,2006
199,LLTC,LINEAR TECHNOLOGY CORP,-,Equity,13535177.2,0.078077,13535177,434935.0,535678106,US5356781063,2516839,31.12,United States,NASDAQ,USD,1.00,,-,2006
200,HSY,HERSHEY FOODS,-,Equity,13560211.55,0.078221,13560212,253699.0,427866108,US4278661081,2422806,53.45,United States,New York Stock Exchange Inc.,USD,1.00,,-,2006
201,ITT,ITT CORP,-,Equity,13601008.14,0.078457,13601008,265282.0,450911102,US4509111021,2465760,51.27,United States,New York Stock Exchange Inc.,USD,1.00,,-,2006
202,EP,EL PASO CORP.,-,Equity,13623277.35,0.078585,13623277,998774.0,28336L109,US28336L1098,2295945,13.64,United States,New York Stock Exchange Inc.,USD,1.00,,-,2006
203,CLX,CLOROX,-,Equity,13671315.0,0.078862,13671315,217005.0,189054109,US1890541097,2204026,63.0,United States,New York Stock Exchange Inc.,USD,1.00,,-,2006
204,SNV,SYNOVUS FINANCIAL CORP,-,Equity,13677550.26,0.078898,13677550,465698.0,87161C105,US87161C1053,2158974,29.37,United States,New York Stock Exchange Inc.,USD,1.00,,-,2006
205,LLL,L3 TECHNOLOGIES INC,-,Equity,13841380.98,0.079843,13841381,176706.0,502424104,US5024241045,2247366,78.33,United States,New York Stock Exchange Inc.,USD,1.00,,-,2006
206,JWN,NORDSTROM INC,-,Equity,13870254.6,0.08001,13870255,327902.0,655664100,US6556641008,2641827,42.3,United States,New York Stock Exchange Inc.,USD,1.00,,-,2006
207,CITGQ,CIT GROUP INC. (OLD),-,Equity,13901663.58,0.080191,13901664,285866.0,125581108,US1255811085,2965549,48.63,United States,Non-Nms Quotation Service (Nnqs),USD,1.00,,-,2006
208,DOV,DOVER CORP,-,Equity,13907320.64,0.080224,13907321,293156.0,260003108,US2600031080,2278407,47.44,United States,New York Stock Exchange Inc.,USD,1.00,,-,2006
209,FSH,FISHER SCIENTIFIC INTERNATIONAL IN,-,Equity,13962945.12,0.080545,13962945,178463.0,338032204,US3380322046,2345301,78.24,United States,New York Stock Exchange Inc.,USD,1.00,,-,2006
210,CA,CA INC,-,Equity,14048122.62,0.081036,14048123,592998.0,12673P105,US12673P1057,2214832,23.69,United States,NASDAQ,USD,1.00,,-,2006
211,JNPR,JUNIPER NETWORKS INC,-,Equity,14064814.08,0.081132,14064814,813936.0,48203R104,US48203R1041,2431846,17.28,United States,New York Stock Exchange Inc.,USD,1.00,,-,2006
212,PBI,PITNEY BOWES INC,-,Equity,14161129.2,0.081688,14161129,319160.0,724479100,US7244791007,2690506,44.37,United States,New York Stock Exchange Inc.,USD,1.00,,-,2006
213,DGX,QUEST DIAGNOSTICS INC,-,Equity,14286853.68,0.082413,14286854,233598.0,74834L100,US74834L1008,2702791,61.16,United States,New York Stock Exchange Inc.,USD,1.00,,-,2006
214,ASO.1,AMSOUTH BANCORPORATION,-,Equity,14361877.2,0.082846,14361877,494555.0,032165102,US0321651020,2012070,29.04,United States,New York Stock Exchange Inc.,USD,1.00,,-,2006
215,HES,HESS CORP,-,Equity,14363627.6,0.082856,14363628,346780.0,42809H107,US42809H1077,2023748,41.42,United States,New York Stock Exchange Inc.,USD,1.00,,-,2006
216,AMZN,AMAZON COM INC,-,Equity,14497875.92,0.08363,14497876,451366.0,023135106,US0231351067,2000019,32.12,United States,NASDAQ,USD,1.00,,-,2006
217,WWY,WM WRIGLEY JR. CO.,-,Equity,14584162.18,0.084128,14584162,316634.0,982526105,US9825261053,2983604,46.06,United States,New York Stock Exchange Inc.,USD,1.00,,-,2006
218,ETFC,E TRADE FINANCIAL CORP,-,Equity,14664275.6,0.08459,14664276,613055.0,269246401,US2692464017,2299011,23.92,United States,NASDAQ,USD,1.00,,-,2006
219,GPS,GAP INC,-,Equity,14737661.35,0.085013,14737661,777713.0,364760108,US3647601083,2360326,18.95,United States,New York Stock Exchange Inc.,USD,1.00,,-,2006
220,NOV,NATIONAL OILWELL VARCO INC,-,Equity,14777551.6,0.085244,14777552,252392.0,637071101,US6370711011,2624486,58.55,United States,New York Stock Exchange Inc.,USD,1.00,,-,2006
221,ROK,ROCKWELL AUTOMATION INC,-,Equity,14788018.7,0.085304,14788019,254527.0,773903109,US7739031091,2754060,58.1,United States,New York Stock Exchange Inc.,USD,1.00,,-,2006
222,ETN,EATON CORP.,-,Equity,14876075.25,0.085812,14876075,216065.0,278058102,US2780581029,2300883,68.85,United States,New York Stock Exchange Inc.,USD,1.00,,-,2006
223,PSA,PUBLIC STORAGE REIT,-,Equity,14963721.83,0.086317,14963722,174017.0,74460D109,US74460D1090,2852533,85.99,United States,New York Stock Exchange Inc.,USD,1.00,,-,2006
224,ESRX,EXPRESS SCRIPTS INC.,-,Equity,14963929.76,0.086319,14963930,198224.0,302182100,US3021821000,2326469,75.49,United States,NASDAQ,USD,1.00,,-,2006
225,ADI,ANALOG DEVICES INC,-,Equity,14973911.1,0.086376,14973911,509490.0,032654105,US0326541051,2032067,29.39,United States,NASDAQ,USD,1.00,,-,2006
226,NVDA,NVIDIA CORP,-,Equity,14986003.45,0.086446,14986003,506455.0,67066G104,US67066G1040,2379504,29.59,United States,NASDAQ,USD,1.00,,-,2006
227,FCX*,FREEPORT MCMORAN INC,-,Equity,15029599.18,0.086697,15029599,282193.0,35671D857,US35671D8570,B1LJSV9,53.26,United States,Bolsa Mexicana De Valores,USD,1.00,,-,2006
228,LU,LUCENT TECHNOLOGIES INC.,-,Equity,15076989.72,0.086971,15076990,6443158.0,549463107,US5494631071,2537573,2.34,United States,New York Stock Exchange Inc.,USD,1.00,,-,2006
229,SNDK,SANDISK CORP,-,Equity,15080879.5,0.086993,15080880,281675.0,80004C101,US80004C1018,2765802,53.54,United States,NASDAQ,USD,1.00,,-,2006
230,RAI,REYNOLDS AMERICAN INC,-,Equity,15273498.02,0.088104,15273498,246466.0,761713106,US7617131062,2429090,61.97,United States,New York Stock Exchange Inc.,USD,1.00,,-,2006
231,CEG,CONSTELLATION ENERGY GROUP INC.,-,Equity,15284729.6,0.088169,15284730,258188.0,210371100,US2103711006,2073408,59.2,United States,New York Stock Exchange Inc.,USD,1.00,,-,2006
232,AON,AON PLC,-,Equity,15379079.94,0.088713,15379080,454062.0,037389103,US0373891037,2212717,33.87,United States,New York Stock Exchange Inc.,USD,1.00,,-,2006
233,HLT,HILTON HOTELS CORP.,-,Equity,15414780.05,0.088919,15414780,553493.0,432848109,US4328481092,2428008,27.85,United States,New York Stock Exchange Inc.,USD,1.00,,-,2006
234,BBBY,BED BATH AND BEYOND INC,-,Equity,15532794.8,0.0896,15532795,405980.0,075896100,US0758961009,2085878,38.26,United States,NASDAQ,USD,1.00,,-,2006
235,AEE,AMEREN CORP,-,Equity,15634867.09,0.090189,15634867,296171.0,023608102,US0236081024,2050832,52.79,United States,New York Stock Exchange Inc.,USD,1.00,,-,2006
236,HUM,HUMANA INC,-,Equity,15687717.21,0.090494,15687717,237369.0,444859102,US4448591028,2445063,66.09,United States,New York Stock Exchange Inc.,USD,1.00,,-,2006
237,MAS,MASCO CORP,-,Equity,15702309.78,0.090578,15702310,572659.0,574599106,US5745991068,2570200,27.42,United States,New York Stock Exchange Inc.,USD,1.00,,-,2006
238,NTRS,NORTHERN TRUST CORP,-,Equity,15735724.87,0.090771,15735725,269309.0,665859104,US6658591044,2648668,58.43,United States,NASDAQ,USD,1.00,,-,2006
239,INTU,INTUIT INC,-,Equity,15759816.17,0.09091,15759816,491113.0,461202103,US4612021034,2459020,32.09,United States,NASDAQ,USD,1.00,,-,2006
240,CHK,CHESAPEAKE ENERGY CORP,-,Equity,15832353.6,0.091328,15832354,546320.0,165167107,US1651671075,2182779,28.98,United States,New York Stock Exchange Inc.,USD,1.00,,-,2006
241,TXT,TEXTRON INC,-,Equity,15953437.5,0.092027,15953438,182325.0,883203101,US8832031012,2885937,87.5,United States,New York Stock Exchange Inc.,USD,1.00,,-,2006
242,PPG,PPG INDUSTRIES INC,-,Equity,15977651.04,0.092166,15977651,238188.0,693506107,US6935061076,2698470,67.08,United States,New York Stock Exchange Inc.,USD,1.00,,-,2006
243,ODP,OFFICE DEPOT INC,-,Equity,16066669.4,0.09268,16066669,404702.0,676220106,US6762201068,2655981,39.7,United States,NASDAQ,USD,1.00,,-,2006
244,KMI.1,KINDER MORGAN INC.,-,Equity,16144278.75,0.093127,16144279,153975.0,49455P101,US49455P1012,2484088,104.85,United States,New York Stock Exchange Inc.,USD,1.00,,-,2006
245,FO,FORTUNE BRANDS INC,-,Equity,16278289.86,0.0939,16278290,216726.0,349631101,US3496311016,2024774,75.11,United States,New York Stock Exchange Inc.,USD,1.00,,-,2006
246,ED,CONSOLIDATED EDISON INC,-,Equity,16376375.4,0.094466,16376375,354467.0,209115104,US2091151041,2216850,46.2,United States,New York Stock Exchange Inc.,USD,1.00,,-,2006
247,AMP,AMERIPRISE FINANCE INC,-,Equity,16472030.4,0.095018,16472030,351216.0,03076C106,US03076C1062,B0J7D57,46.9,United States,New York Stock Exchange Inc.,USD,1.00,,-,2006
248,PGN,PROGRESS ENERGY INC.,-,Equity,16507020.38,0.09522,16507020,363751.0,743263105,US7432631056,2604206,45.38,United States,New York Stock Exchange Inc.,USD,1.00,,-,2006
249,ASN,ARCHSTONE-SMITH TRUST,-,Equity,16780258.96,0.096796,16780259,308234.0,039583109,US0395831094,2814641,54.44,United States,New York Stock Exchange Inc.,USD,1.00,,-,2006
250,BXP,BOSTON PROPERTIES REIT INC,-,Equity,16943833.08,0.09774,16943833,163962.0,101121101,US1011211018,2019479,103.34,United States,New York Stock Exchange Inc.,USD,1.00,,-,2006
251,AMD,ADVANCED MICRO DEVICES INC,-,Equity,17366323.1,0.100177,17366323,698846.0,007903107,US0079031078,2007849,24.85,United States,NASDAQ,USD,1.00,,-,2006
252,SLE,SARA LEE CORP.,-,Equity,17575309.04,0.101382,17575309,1093672.0,803111103,US8031111037,2217109,16.07,United States,New York Stock Exchange Inc.,USD,1.00,,-,2006
253,MI,MARSHALL & ILSLEY CORP. (OLD),-,Equity,17594324.22,0.101492,17594324,365179.0,571834100,-,-,48.18,United States,New York Stock Exchange Inc.,USD,1.00,,-,2006
254,IR,INGERSOLL-RAND PLC,-,Equity,17639203.32,0.101751,17639203,464434.0,-,IE00B6330302,2831167,37.98,United States,New York Stock Exchange Inc.,USD,1.00,,-,2006
255,HET,HARRAHS ENTERTAINMENT CORP.,-,Equity,17745512.33,0.102364,17745512,267131.0,413619107,US4136191073,2705648,66.43,United States,New York Stock Exchange Inc.,USD,1.00,,-,2006
256,K,KELLOGG,-,Equity,17792040.8,0.102632,17792041,359290.0,487836108,US4878361082,2486813,49.52,United States,New York Stock Exchange Inc.,USD,1.00,,-,2006
257,XL,XL GROUP PLC,-,Equity,17807520.9,0.102722,17807521,259207.0,-,IE00B5LRLL25,2283401,68.7,United States,New York Stock Exchange Inc.,USD,1.00,,-,2006
258,CAG,CONAGRA BRANDS INC,-,Equity,17879310.72,0.103136,17879311,730364.0,205887102,US2058871029,2215460,24.48,United States,New York Stock Exchange Inc.,USD,1.00,,-,2006
259,TROW,T ROWE PRICE GROUP INC,-,Equity,17904034.5,0.103278,17904035,374170.0,74144T108,US74144T1088,2702337,47.85,United States,NASDAQ,USD,1.00,,-,2006
260,HOT,STARWOOD HOTELS & RESORTS WORLDWID,-,Equity,17917798.57,0.103358,17917799,313303.0,85590A401,US85590A4013,B12GHV2,57.19,United States,New York Stock Exchange Inc.,USD,1.00,,-,2006
261,PAYX,PAYCHEX INC,-,Equity,17931947.0,0.103439,17931947,486620.0,704326107,US7043261079,2674458,36.85,United States,NASDAQ,USD,1.00,,-,2006
262,STJ,ST JUDE MEDICAL,-,Equity,17963245.22,0.10362,17963245,509018.0,790849103,US7908491035,2767381,35.29,United States,New York Stock Exchange Inc.,USD,1.00,,-,2006
263,PPL,PPL CORP,-,Equity,18046604.1,0.104101,18046604,548529.0,69351T106,US69351T1060,2680905,32.9,United States,New York Stock Exchange Inc.,USD,1.00,,-,2006
264,COH,TAPESTRY INC,-,Equity,18165195.2,0.104785,18165195,528058.0,189754104,US1897541041,2646015,34.4,United States,New York Stock Exchange Inc.,USD,1.00,,-,2006
265,TJX,TJX INC,-,Equity,18184967.04,0.104899,18184967,648768.0,872540109,US8725401090,2989301,28.03,United States,New York Stock Exchange Inc.,USD,1.00,,-,2006
266,MU,MICRON TECHNOLOGY INC,-,Equity,18265998.0,0.105366,18265998,1049770.0,595112103,US5951121038,2588184,17.4,United States,NASDAQ,USD,1.00,,-,2006
267,EDS.,ELECTRONIC DATA SYSTEMS CORP.,-,Equity,18280223.96,0.105449,18280224,745523.0,285661104,US2856611049,2312736,24.52,United States,New York Stock Exchange Inc.,USD,1.00,,-,2006
268,CI,CIGNA CORP,-,Equity,18560135.52,0.107063,18560136,159561.0,125509109,US1255091092,2196479,116.32,United States,New York Stock Exchange Inc.,USD,1.00,,-,2006
269,LUV,SOUTHWEST AIRLINES,-,Equity,18813388.3,0.108524,18813388,1129255.0,844741108,US8447411088,2831543,16.66,United States,New York Stock Exchange Inc.,USD,1.00,,-,2006
270,SRE,SEMPRA ENERGY,-,Equity,18877367.25,0.108893,18877367,375669.0,816851109,US8168511090,2138158,50.25,United States,New York Stock Exchange Inc.,USD,1.00,,-,2006
271,SHLDQ,SEARS HOLDINGS CORP,-,Equity,18978388.31,0.109476,18978388,120048.0,812350106,US8123501061,2634805,158.09,United States,Non-Nms Quotation Service (Nnqs),USD,1.00,,-,2006
272,MAR,MARRIOTT INTERNATIONAL INC CLASS A,-,Equity,19087194.0,0.110103,19087194,493975.0,571903202,US5719032022,2210614,38.64,United States,NASDAQ,USD,1.00,,-,2006
273,LM,LEGG MASON INC,-,Equity,19101875.4,0.110188,19101875,189390.0,524901105,US5249011058,2510615,100.86,United States,New York Stock Exchange Inc.,USD,1.00,,-,2006
274,VNO,VORNADO REALTY TRUST REIT,-,Equity,19103558.0,0.110198,19103558,175262.0,929042109,US9290421091,2933632,109.0,United States,New York Stock Exchange Inc.,USD,1.00,,-,2006
275,NFB,NORTH FORK BANCORPORATION INC.,-,Equity,19261574.24,0.111109,19261574,672541.0,659424105,US6594241050,2644837,28.64,United States,New York Stock Exchange Inc.,USD,1.00,,-,2006
276,A,AGILENT TECHNOLOGIES INC,-,Equity,19280235.1,0.111217,19280235,589790.0,00846U101,US00846U1016,2520153,32.69,United States,New York Stock Exchange Inc.,USD,1.00,,-,2006
277,TGNA,GANNETT CO INC,-,Equity,19363515.41,0.111697,19363515,340727.0,364730101,US3647301015,2360304,56.83,United States,New York Stock Exchange Inc.,USD,1.00,,-,2006
278,AES,AES CORP,-,Equity,19399902.38,0.111907,19399902,951442.0,00130H105,US00130H1059,2002479,20.39,United States,New York Stock Exchange Inc.,USD,1.00,,-,2006
279,SWY,SAFEWAY INC,-,Equity,19473045.6,0.112329,19473046,641616.0,786514208,US7865142084,2767165,30.35,United States,New York Stock Exchange Inc.,USD,1.00,,-,2006
280,EIX,EDISON INTERNATIONAL,-,Equity,19515751.92,0.112576,19515752,468678.0,281020107,US2810201077,2829515,41.64,United States,New York Stock Exchange Inc.,USD,1.00,,-,2006
281,AVP,AVON PRODUCTS INC,-,Equity,19808966.1,0.114267,19808966,646085.0,054303102,US0543031027,2066721,30.66,United Kingdom,New York Stock Exchange Inc.,USD,1.00,,-,2006
282,NTAP,NETAPP INC,-,Equity,19871261.16,0.114626,19871261,536916.0,64110D104,US64110D1046,2630643,37.01,United States,NASDAQ,USD,1.00,,-,2006
283,HNZ,H.J. HEINZ CO.,-,Equity,20057257.43,0.115699,20057257,478351.0,423074103,US4230741039,2419240,41.93,United States,New York Stock Exchange Inc.,USD,1.00,,-,2006
284,QWST,QWEST COMMUNICATIONS INTERNATIONAL,-,Equity,20073849.84,0.115795,20073850,2302047.0,749121109,US7491211097,2034494,8.72,United States,New York Stock Exchange Inc.,USD,1.00,,-,2006
285,EOP,EQUITY OFFICE PROPERTIES TRUST,-,Equity,20088024.32,0.115877,20088024,505232.0,294741103,US2947411037,2038430,39.76,United States,New York Stock Exchange Inc.,USD,1.00,,-,2006
286,SCN,PROLOGIS,-,Equity,20142522.36,0.116191,20142522,353006.0,743410102,US7434101025,2790611,57.06,United States,New York Stock Exchange Inc.,USD,1.00,,-,2006
287,YUM,YUM BRANDS INC,-,Equity,20181242.4,0.116414,20181242,387728.0,988498101,US9884981013,2098876,52.05,United States,New York Stock Exchange Inc.,USD,1.00,,-,2006
288,JCI,JOHNSON CONTROLS INC,-,Equity,20184264.22,0.116432,20184264,281353.0,478366107,US4783661071,2476803,71.74,United States,New York Stock Exchange Inc.,USD,1.00,,-,2006
289,IGT,INTERNATIONAL GAME TECHNOLOGY,-,Equity,20284038.0,0.117007,20284038,488772.0,459902102,US4599021023,2464972,41.5,United States,New York Stock Exchange Inc.,USD,1.00,,-,2006
290,BRCM,BROADCOM CORP CLASS A,-,Equity,20459111.52,0.118017,20459112,674328.0,111320107,US1113201073,2235822,30.34,United States,NASDAQ,USD,1.00,,-,2006
291,WMB,WILLIAMS INC,-,Equity,20469837.85,0.118079,20469838,857555.0,969457100,US9694571004,5727371,23.87,United States,Deutsche Boerse Xetra,USD,1.00,,-,2006
292,PCAR,PACCAR INC,-,Equity,20489680.91,0.118194,20489681,359342.0,693718108,US6937181088,2665861,57.02,United States,NASDAQ,USD,1.00,,-,2006
293,CCU.1,CLEAR CHANNEL COMMUNICATIONS INC.,-,Equity,20508253.3,0.118301,20508253,710858.0,184502102,US1845021021,2202536,28.85,United States,New York Stock Exchange Inc.,USD,1.00,,-,2006
294,AEP,AMERICAN ELECTRIC POWER INC,-,Equity,20595349.01,0.118803,20595349,566273.0,025537101,US0255371017,2026242,36.37,United States,New York Stock Exchange Inc.,USD,1.00,,-,2006
295,WFT,WEATHERFORD INTERNATIONAL LTD.,-,Equity,20832339.64,0.12017,20832340,499337.0,-,BMG950891017,2962421,41.72,United States,New York Stock Exchange Inc.,USD,1.00,,-,2006
296,PCG,PG&E CORP,-,Equity,20858028.45,0.120318,20858028,500793.0,69331C108,US69331C1080,2689560,41.65,United States,New York Stock Exchange Inc.,USD,1.00,,-,2006
297,CSX,CSX CORP,-,Equity,20970950.42,0.12097,20970950,638774.0,126408103,US1264081035,2160753,32.83,United States,NASDAQ,USD,1.00,,-,2006
298,PFG,PRINCIPAL FINANCIAL GROUP INC,-,Equity,21090765.4,0.121661,21090765,388555.0,74251V102,US74251V1026,2803014,54.28,United States,NASDAQ,USD,1.00,,-,2006
299,APD,AIR PRODUCTS AND CHEMICALS INC,-,Equity,21100217.66,0.121715,21100218,317918.0,009158106,US0091581068,2011602,66.37,United States,New York Stock Exchange Inc.,USD,1.00,,-,2006
300,SYK,STRYKER CORP,-,Equity,21173987.79,0.122141,21173988,426981.0,863667101,US8636671013,2853688,49.59,United States,New York Stock Exchange Inc.,USD,1.00,,-,2006
301,EQR,EQUITY RESIDENTIAL REIT,-,Equity,21176075.7,0.122153,21176076,418665.0,29476L107,US29476L1070,2319157,50.58,United States,New York Stock Exchange Inc.,USD,1.00,,-,2006
302,KEY,KEYCORP,-,Equity,21730625.28,0.125352,21730625,580412.0,493267108,US4932671088,5700606,37.44,United States,Boerse Berlin,USD,1.00,,-,2006
303,WY,WEYERHAEUSER REIT,-,Equity,21783281.31,0.125656,21783281,354027.0,962166104,US9621661043,2958936,61.53,United States,New York Stock Exchange Inc.,USD,1.00,,-,2006
304,XRX,XEROX CORP,-,Equity,21800618.08,0.125756,21800618,1401068.0,984121103,US9841211033,2985202,15.56,United States,New York Stock Exchange Inc.,USD,1.00,,-,2006
305,F,FORD MOTOR,-,Equity,21906862.44,0.126369,21906862,2707894.0,345370860,US3453708600,4232490,8.09,United States,SIX Swiss Exchange,USD,1.00,,-,2006
306,NUE,NUCOR CORP,-,Equity,22016913.24,0.127003,22016913,444876.0,670346105,US6703461052,2651086,49.49,United States,New York Stock Exchange Inc.,USD,1.00,,-,2006
307,BIIB,BIOGEN INC,-,Equity,22101408.78,0.127491,22101409,494660.0,09062X103,US09062X1037,2455965,44.68,United States,NASDAQ,USD,1.00,,-,2006
308,JCP,JC PENNEY INC,-,Equity,22122523.64,0.127613,22122524,323476.0,708160106,US7081601061,2680303,68.39,United States,New York Stock Exchange Inc.,USD,1.00,,-,2006
309,FSL.B,FREESCALE SEMICONDUCTOR INC. CL B,-,Equity,22162794.79,0.127845,22162795,583078.0,35687M206,US35687M2061,B040Q85,38.01,United States,New York Stock Exchange Inc.,USD,1.00,,-,2006
310,PEG,PUBLIC SERVICE ENTERPRISE GROUP IN,-,Equity,22170850.32,0.127891,22170850,362328.0,744573106,US7445731067,2707677,61.19,United States,New York Stock Exchange Inc.,USD,1.00,,-,2006
311,XTO,XTO ENERGY INC,-,Equity,22172892.61,0.127903,22172893,526297.0,98385X106,US98385X1063,2236911,42.13,United States,New York Stock Exchange Inc.,USD,1.00,,-,2006
312,MMC,MARSH & MCLENNAN INC,-,Equity,22295419.3,0.12861,22295419,792022.0,571748102,US5717481023,2567741,28.15,United States,New York Stock Exchange Inc.,USD,1.00,,-,2006
313,MCO,MOODYS CORP,-,Equity,22337273.14,0.128851,22337273,341653.0,615369105,US6153691059,2252058,65.38,United States,New York Stock Exchange Inc.,USD,1.00,,-,2006
314,IP,INTERNATIONAL PAPER,-,Equity,22713470.7,0.131021,22713471,655890.0,460146103,US4601461035,2465254,34.63,United States,New York Stock Exchange Inc.,USD,1.00,,-,2006
315,EOG,EOG RESOURCES INC,-,Equity,22727624.35,0.131103,22727624,349387.0,26875P101,US26875P1012,2318024,65.05,United States,New York Stock Exchange Inc.,USD,1.00,,-,2006
316,MCK,MCKESSON CORP,-,Equity,22766710.24,0.131329,22766710,431842.0,58155Q103,US58155Q1031,2378534,52.72,United States,New York Stock Exchange Inc.,USD,1.00,,-,2006
317,GNW,GENWORTH FINANCIAL A INC,-,Equity,22872733.2,0.13194,22872733,653320.0,37247D106,US37247D1063,B011WL6,35.01,United States,New York Stock Exchange Inc.,USD,1.00,,-,2006
318,OMC,OMNICOM GROUP INC,-,Equity,23142506.4,0.133496,23142506,247249.0,681919106,US6819191064,2279303,93.6,United States,New York Stock Exchange Inc.,USD,1.00,,-,2006
319,FRX,FOREST LABORATORIES INC,-,Equity,23216072.25,0.133921,23216072,458725.0,345838106,US3458381064,2346508,50.61,United States,New York Stock Exchange Inc.,USD,1.00,,-,2006
320,MEL,MELLON FINANCIAL CORP.,-,Equity,23221841.9,0.133954,23221842,593909.0,58551A108,US58551A1088,2576350,39.1,United States,New York Stock Exchange Inc.,USD,1.00,,-,2006
321,DHR,DANAHER CORP,-,Equity,23385637.17,0.134899,23385637,340551.0,235851102,US2358511028,2250870,68.67,United States,New York Stock Exchange Inc.,USD,1.00,,-,2006
322,ETR,ENTERGY CORP,-,Equity,23460081.78,0.135328,23460082,299886.0,29364G103,US29364G1031,2317087,78.23,United States,New York Stock Exchange Inc.,USD,1.00,,-,2006
323,ZBH,ZIMMER BIOMET HOLDINGS INC,-,Equity,23637825.0,0.136354,23637825,350190.0,98956P102,US98956P1021,2783815,67.5,United States,New York Stock Exchange Inc.,USD,1.00,,-,2006
324,HOG,HARLEY DAVIDSON INC,-,Equity,23736756.25,0.136924,23736756,378275.0,412822108,US4128221086,2411053,62.75,United States,New York Stock Exchange Inc.,USD,1.00,,-,2006
325,KR,KROGER,-,Equity,24083903.74,0.138927,24083904,1040791.0,501044101,US5010441013,2497406,23.14,United States,New York Stock Exchange Inc.,USD,1.00,,-,2006
326,RN7,REGIONS FINANCIAL CORP,-,Equity,24126771.64,0.139174,24126772,655797.0,7591EP100,US7591EP1005,B01SFL8,36.79,United States,Boerse Muenchen,USD,1.00,,-,2006
327,NKE,NIKE INC CLASS B,-,Equity,24153942.54,0.139331,24153943,275667.0,654106103,US6541061031,2640147,87.62,United States,New York Stock Exchange Inc.,USD,1.00,,-,2006
328,BSC.1,BEAR STEARNS COMPANIES,-,Equity,24292779.6,0.140132,24292780,173396.0,073902108,US0739021089,2086138,140.1,United States,New York Stock Exchange Inc.,USD,1.00,,-,2006
329,AG4,ALLERGAN,-,Equity,24352588.16,0.140477,24352588,216256.0,-,US0184901025,5793208,112.61,United States,Boerse Berlin,USD,1.00,,-,2006
330,MX4A,CME GROUP INC CLASS A,-,Equity,24472530.75,0.141168,24472531,51171.0,12572Q105,US12572Q1058,B012KV5,478.25,United States,Boerse Berlin,USD,1.00,,-,2006
331,EA,ELECTRONIC ARTS INC,-,Equity,24579768.96,0.141787,24579769,441447.0,285512109,US2855121099,2310194,55.68,United States,NASDAQ,USD,1.00,,-,2006
332,PD,PHELPS DODGE CORPORATION,-,Equity,24874526.6,0.143487,24874527,293678.0,717265102,US7172651025,2685007,84.7,United States,New York Stock Exchange Inc.,USD,1.00,,-,2006
333,LTR,LOEWS CORP,-,Equity,24908031.6,0.143681,24908032,657204.0,540424108,US5404241086,5910966,37.9,United States,Boerse Duesseldorf,USD,1.00,,-,2006
334,BDX,BECTON DICKINSON,-,Equity,24945520.62,0.143897,24945521,352986.0,075887109,US0758871091,2087807,70.67,United States,New York Stock Exchange Inc.,USD,1.00,,-,2006
335,JAVA,SUN MICROSYSTEMS,-,Equity,25111069.13,0.144852,25111069,5052529.0,866810203,US8668102036,2859954,4.97,United States,NASDAQ,USD,1.00,,-,2006
336,BSX,BOSTON SCIENTIFIC CORP,-,Equity,25130679.93,0.144965,25130680,1699167.0,101137107,US1011371077,2113434,14.79,United States,New York Stock Exchange Inc.,USD,1.00,,-,2006
337,BEN,FRANKLIN RESOURCES INC,-,Equity,25355889.0,0.146264,25355889,239772.0,354613101,US3546131018,2350684,105.75,United States,New York Stock Exchange Inc.,USD,1.00,,-,2006
338,GENZ,GENZYME CORP.,-,Equity,25386801.96,0.146442,25386802,376268.0,372917104,US3729171047,2367598,67.47,United States,NASDAQ,USD,1.00,,-,2006
339,SPLS,STAPLES INC,-,Equity,25471369.09,0.14693,25471369,1046912.0,855030102,US8550301027,2841489,24.33,United States,NASDAQ,USD,1.00,,-,2006
340,MHS,MEDCO HEALTH SOLUTIONS INC,-,Equity,25487180.98,0.147021,25487181,424009.0,58405U102,US58405U1025,2954019,60.11,United States,New York Stock Exchange Inc.,USD,1.00,,-,2006
341,ACE,ACE LTD.,-,Equity,25631974.55,0.147857,25631975,468335.0,-,KYG0070K1031,2008853,54.73,United States,New York Stock Exchange Inc.,USD,1.00,,-,2006
342,LNC,LINCOLN NATIONAL CORP,-,Equity,25674735.97,0.148103,25674736,413575.0,534187109,US5341871094,2516378,62.08,United States,New York Stock Exchange Inc.,USD,1.00,,-,2006
343,NEE,NEXTERA ENERGY INC,-,Equity,26201610.0,0.151143,26201610,582258.0,65339F101,US65339F1012,2328915,45.0,United States,New York Stock Exchange Inc.,USD,1.00,,-,2006
344,NSC,NORFOLK SOUTHERN CORP,-,Equity,26267719.8,0.151524,26267720,596316.0,655844108,US6558441084,2641894,44.05,United States,New York Stock Exchange Inc.,USD,1.00,,-,2006
345,FE,FIRSTENERGY CORP,-,Equity,26529869.1,0.153036,26529869,474935.0,337932107,US3379321074,2100920,55.86,United States,New York Stock Exchange Inc.,USD,1.00,,-,2006
346,SWG,CHARLES SCHWAB CORP,-,Equity,26649072.5,0.153724,26649073,1488775.0,808513105,US8085131055,B1BTQ59,17.9,United States,Deutsche Boerse Xetra,USD,1.00,,-,2006
347,MTLQQ,MOTORS LIQUIDATION CO,-,Equity,27088374.18,0.156258,27088374,814443.0,62010A105,US62010A1051,2365804,33.26,United States,Non-Nms Quotation Service (Nnqs),USD,1.00,,-,2006
348,ITW,ILLINOIS TOOL INC,-,Equity,27163377.5,0.156691,27163378,604975.0,452308109,US4523081093,2457552,44.9,United States,New York Stock Exchange Inc.,USD,1.00,,-,2006
349,PGR,PROGRESSIVE CORP,-,Equity,27187277.04,0.156828,27187277,1107876.0,743315103,US7433151039,2705024,24.54,United States,New York Stock Exchange Inc.,USD,1.00,,-,2006
350,PX,PRAXAIR INC,-,Equity,27478755.12,0.15851,27478755,464482.0,74005P104,US74005P1049,2699291,59.16,United States,New York Stock Exchange Inc.,USD,1.00,,-,2006
351,NEM,NEWMONT GOLDCORP CORP,-,Equity,27686396.25,0.159708,27686396,647635.0,651639106,US6516391066,2636607,42.75,United States,New York Stock Exchange Inc.,USD,1.00,,-,2006
352,DE,DEERE,-,Equity,27981132.06,0.161408,27981132,333466.0,244199105,US2441991054,2261203,83.91,United States,New York Stock Exchange Inc.,USD,1.00,,-,2006
353,WM,WASTE MANAGEMENT INC,-,Equity,28593600.56,0.164941,28593601,779542.0,94106L109,US94106L1098,2937667,36.68,United States,New York Stock Exchange Inc.,USD,1.00,,-,2006
354,GIS,GENERAL MILLS INC,-,Equity,28801362.8,0.166139,28801363,508858.0,370334104,US3703341046,2367026,56.6,United States,New York Stock Exchange Inc.,USD,1.00,,-,2006
355,SPG,SIMON PROPERTY GROUP REIT INC,-,Equity,28805016.92,0.16616,28805017,317866.0,828806109,US8288061091,2812452,90.62,United States,New York Stock Exchange Inc.,USD,1.00,,-,2006
356,AAZ,ANADARKO PETROLEUM CORP,-,Equity,29004677.82,0.167312,29004678,661754.0,032511107,US0325111070,5864676,43.83,United States,Boerse Berlin,USD,1.00,,-,2006
357,MHFI,S&P GLOBAL INC,-,Equity,29450283.03,0.169882,29450283,507501.0,580645109,1188001,2551443,58.03,United States,New York Stock Exchange Inc.,USD,1.00,,-,2006
358,GDW,GOLDEN WEST FINANCIAL CORPORATION,-,Equity,29557240.5,0.170499,29557241,382618.0,381317106,US3813171069,2375643,77.25,United States,New York Stock Exchange Inc.,USD,1.00,,-,2006
359,STT,STATE STREET CORP,-,Equity,29761867.2,0.17168,29761867,476953.0,857477103,US8574771031,2842040,62.4,United States,New York Stock Exchange Inc.,USD,1.00,,-,2006
360,SYY,SYSCO CORP,-,Equity,29797694.85,0.171886,29797695,890813.0,871829107,US8718291078,2868165,33.45,United States,New York Stock Exchange Inc.,USD,1.00,,-,2006
361,APA,APACHE CORP,-,Equity,30002746.4,0.173069,30002746,474727.0,037411105,US0374111054,2043962,63.2,United States,New York Stock Exchange Inc.,USD,1.00,,-,2006
362,CCL,CARNIVAL CORP,-,Equity,30127935.33,0.173791,30127935,640611.0,143658300,PA1436583006,2523044,47.03,United States,New York Stock Exchange Inc.,USD,1.00,,-,2006
363,SYMC,SYMANTEC CORP,-,Equity,30356962.72,0.175113,30356963,1426549.0,871503108,US8715031089,2861078,21.28,United States,NASDAQ,USD,1.00,,-,2006
364,HCA.2,HCA INC.,-,Equity,30448266.12,0.175639,30448266,610308.0,404119109,US4041191093,2212193,49.89,United States,New York Stock Exchange Inc.,USD,1.00,,-,2006
365,FITB,FIFTH THIRD BANCORP,-,Equity,30600136.0,0.176515,30600136,803575.0,316773100,US3167731005,2336747,38.08,United States,NASDAQ,USD,1.00,,-,2006
366,RTN1,RAYTHEON,-,Equity,30621882.23,0.176641,30621882,637823.0,755111507,US7551115071,7433803,48.01,United States,Boerse Stuttgart,USD,1.00,,-,2006
367,KSS,KOHLS CORP,-,Equity,30650160.24,0.176804,30650160,472122.0,500255104,US5002551043,2496113,64.92,United States,New York Stock Exchange Inc.,USD,1.00,,-,2006
368,SLM,SLM CORP,-,Equity,30696996.92,0.177074,30696997,590554.0,78442P106,US78442P1066,2101967,51.98,United States,NASDAQ,USD,1.00,,-,2006
369,PNC,PNC FINANCIAL SERVICES GROUP INC,-,Equity,30759907.44,0.177437,30759907,424626.0,693475105,US6934751057,2692665,72.44,United States,New York Stock Exchange Inc.,USD,1.00,,-,2006
370,CB,CHUBB CORP,-,Equity,30782662.8,0.177568,30782663,592430.0,171232101,US1712321017,2195722,51.96,United States,New York Stock Exchange Inc.,USD,1.00,,-,2006
371,CFC,COUNTRYWIDE FINANCIAL CORP.,-,Equity,30886778.88,0.178169,30886779,881472.0,222372104,US2223721042,2229676,35.04,United States,New York Stock Exchange Inc.,USD,1.00,,-,2006
372,AT.,ALLTEL CORP.,-,Equity,31036876.5,0.179035,31036877,559223.0,020039103,US0200391037,2589198,55.5,United States,New York Stock Exchange Inc.,USD,1.00,,-,2006
373,AET,AETNA INC,-,Equity,31236945.95,0.180189,31236946,789809.0,00817Y108,US00817Y1082,2695921,39.55,United States,New York Stock Exchange Inc.,USD,1.00,,-,2006
374,ADBE,ADOBE INC,-,Equity,31277603.35,0.180423,31277603,835183.0,00724F101,US00724F1012,2008154,37.45,United States,NASDAQ,USD,1.00,,-,2006
375,BBY,BEST BUY INC,-,Equity,31361308.16,0.180906,31361308,585536.0,086516101,US0865161014,2094670,53.56,United States,New York Stock Exchange Inc.,USD,1.00,,-,2006
376,CBS,CBS CORP CLASS B,-,Equity,31673784.78,0.182709,31673785,1124380.0,124857202,US1248572026,B0SRLH6,28.17,United States,New York Stock Exchange Inc.,USD,1.00,,-,2006
377,NCC,NATIONAL CITY CORP.,-,Equity,31846172.4,0.183703,31846172,870114.0,635405103,US6354051038,2625047,36.6,United States,New York Stock Exchange Inc.,USD,1.00,,-,2006
378,BHI,BAKER HUGHES INC,-,Equity,32353329.8,0.186628,32353330,474389.0,057224107,US0572241075,2072085,68.2,United States,New York Stock Exchange Inc.,USD,1.00,,-,2006
379,8686,AFLAC INC,-,Equity,32738305.6,0.188849,32738306,715435.0,001055102,US0010551028,6028824,45.76,United States,Tokyo Stock Exchange,USD,1.00,,-,2006
380,RIG,TRANSOCEAN INC.,-,Equity,33271464.66,0.191925,33271465,454342.0,G90078109,KYG900731004,2821287,73.23,United States,New York Stock Exchange Inc.,USD,1.00,,-,2006
381,COST,COSTCO WHOLESALE CORP,-,Equity,33522672.96,0.193374,33522673,674772.0,22160K105,US22160K1051,2701271,49.68,United States,NASDAQ,USD,1.00,,-,2006
382,NTH,NORTHROP GRUMMAN CORP,-,Equity,33786068.01,0.194893,33786068,496343.0,666807102,US6668071029,4080406,68.07,United States,Boerse Berlin,USD,1.00,,-,2006
383,M,MACYS INC,-,Equity,33867825.16,0.195365,33867825,783796.0,55616P104,US55616P1049,2345022,43.21,United States,New York Stock Exchange Inc.,USD,1.00,,-,2006
384,BBT,BB AND T CORP,-,Equity,33900955.44,0.195556,33900955,774348.0,054937107,US0549371070,2830904,43.78,United States,New York Stock Exchange Inc.,USD,1.00,,-,2006
385,UNP,UNION PACIFIC CORP,-,Equity,34144352.0,0.19696,34144352,388004.0,907818108,US9078181081,2914734,88.0,United States,New York Stock Exchange Inc.,USD,1.00,,-,2006
386,COF,CAPITAL ONE FINANCIAL CORP,-,Equity,34686149.58,0.200085,34686150,440963.0,14040H105,US14040H1059,2654461,78.66,United States,New York Stock Exchange Inc.,USD,1.00,,-,2006
387,CMX,CAREMARK RX INC.,-,Equity,34884521.91,0.20123,34884522,615573.0,141705103,US1417051034,2570545,56.67,United States,New York Stock Exchange Inc.,USD,1.00,,-,2006
388,AA,ALCOA INC,-,Equity,35054458.36,0.20221,35054458,1250159.0,013817101,US0138171014,2021805,28.04,United States,New York Stock Exchange Inc.,USD,1.00,,-,2006
389,AMAT,APPLIED MATERIAL INC,-,Equity,35507675.97,0.204824,35507676,2002689.0,038222105,US0382221051,2046552,17.73,United States,NASDAQ,USD,1.00,,-,2006
390,ADM*,ARCHER DANIELS MIDLAND,-,Equity,35788001.24,0.206441,35788001,944773.0,039483102,US0394831020,B1SNWD4,37.88,United States,Bolsa Mexicana De Valores,USD,1.00,,-,2006
391,MON,MONSANTO,-,Equity,36763042.26,0.212066,36763042,782026.0,61166W101,US61166W1018,2654320,47.01,United States,New York Stock Exchange Inc.,USD,1.00,,-,2006
392,SO,SOUTHERN,-,Equity,36857278.82,0.212609,36857279,1069567.0,842587107,US8425871071,2829601,34.46,United States,New York Stock Exchange Inc.,USD,1.00,,-,2006
393,SBUX,STARBUCKS CORP,-,Equity,37116985.65,0.214107,37116986,1090073.0,855244109,US8552441094,2842255,34.05,United States,NASDAQ,USD,1.00,,-,2006
394,ADP,AUTOMATIC DATA PROCESSING INC,-,Equity,37918393.2,0.21873,37918393,800980.0,053015103,US0530151036,2065308,47.34,United States,NASDAQ,USD,1.00,,-,2006
395,CVS,CVS HEALTH CORP,-,Equity,38021793.04,0.219327,38021793,1183742.0,126650100,US1266501006,2577609,32.12,United States,New York Stock Exchange Inc.,USD,1.00,,-,2006
396,VIAB,VIACOM INC CLASS B,-,Equity,38029748.9,0.219373,38029749,1022855.0,92553P201,US92553P2011,B0SRLF4,37.18,United States,NASDAQ,USD,1.00,,-,2006
397,HIG,HARTFORD FINANCIAL SERVICES GROUP,-,Equity,38031200.0,0.219381,38031200,438400.0,416515104,US4165151048,2476193,86.75,United States,New York Stock Exchange Inc.,USD,1.00,,-,2006
398,BNI,BURLINGTON NORTHERN,-,Equity,38327821.92,0.221092,38327822,521893.0,12189T104,US12189T1043,2154927,73.44,United States,New York Stock Exchange Inc.,USD,1.00,,-,2006
399,CAH,CARDINAL HEALTH INC,-,Equity,38434299.34,0.221706,38434299,584641.0,14149Y108,US14149Y1082,2175672,65.74,United States,New York Stock Exchange Inc.,USD,1.00,,-,2006
400,BK,BANK NEW YORK INC COM,-,Equity,38793862.98,0.22378,38793863,1100223.0,064057102,-,2076021,35.26,United States,New York Stock Exchange Inc.,USD,1.00,,-,2006
401,D,DOMINION ENERGY INC,-,Equity,38887363.02,0.22432,38887363,508398.0,25746U109,US25746U1097,2542049,76.49,United States,New York Stock Exchange Inc.,USD,1.00,,-,2006
402,EMC,EMC CORP,-,Equity,39699623.5,0.229005,39699624,3313825.0,268648102,US2686481027,2295172,11.98,United States,New York Stock Exchange Inc.,USD,1.00,,-,2006
403,MRO,MARATHON OIL CORP,-,Equity,39711544.51,0.229074,39711545,516405.0,565849106,US5658491064,2910970,76.9,United States,New York Stock Exchange Inc.,USD,1.00,,-,2006
404,DVN,DEVON ENERGY CORP,-,Equity,40141929.0,0.231557,40141929,635660.0,25179M103,US25179M1036,2480677,63.15,United States,New York Stock Exchange Inc.,USD,1.00,,-,2006
405,STI,SUNTRUST BANKS INC,-,Equity,40625477.76,0.234346,40625478,525692.0,867914103,US8679141031,2860990,77.28,United States,New York Stock Exchange Inc.,USD,1.00,,-,2006
406,TXU,TXU CORPORATION,-,Equity,41575862.52,0.239828,41575863,665001.0,873168108,US8731681081,2885700,62.52,United States,New York Stock Exchange Inc.,USD,1.00,,-,2006
407,GD,GENERAL DYNAMICS CORP,-,Equity,41667647.94,0.240358,41667648,581382.0,369550108,US3695501086,2365161,71.67,United States,New York Stock Exchange Inc.,USD,1.00,,-,2006
408,HAL,HALLIBURTON,-,Equity,42284609.1,0.243917,42284609,1486278.0,406216101,US4062161017,2405302,28.45,United States,New York Stock Exchange Inc.,USD,1.00,,-,2006
409,BAX,BAXTER INTERNATIONAL INC,-,Equity,42760676.12,0.246663,42760676,940622.0,071813109,US0718131099,4514626,45.46,United States,SIX Swiss Exchange,USD,1.00,,-,2006
410,KMB,KIMBERLY CLARK CORP,-,Equity,43165639.44,0.248999,43165639,660429.0,494368103,US4943681035,2491839,65.36,United States,New York Stock Exchange Inc.,USD,1.00,,-,2006
411,LOM,LOCKHEED MARTIN CORP,-,Equity,44158160.54,0.254724,44158161,513109.0,539830109,US5398301094,5335161,86.06,United States,Deutsche Boerse Xetra,USD,1.00,,-,2006
412,AABA,ALTABA INC,-,Equity,45221597.12,0.260858,45221597,1788829.0,984332106,US9843321061,2986539,25.28,United States,NASDAQ,USD,1.00,,-,2006
413,GILD,GILEAD SCIENCES INC,-,Equity,45230225.1,0.260908,45230225,658373.0,375558103,US3755581036,2369174,68.7,United States,NASDAQ,USD,1.00,,-,2006
414,VLO,VALERO ENERGY CORP,-,Equity,45498502.07,0.262456,45498502,883981.0,91913Y100,US91913Y1001,2041364,51.47,United States,New York Stock Exchange Inc.,USD,1.00,,-,2006
415,CL,COLGATE-PALMOLIVE,-,Equity,46223576.1,0.266638,46223576,744341.0,194162103,US1941621039,2209106,62.1,United States,New York Stock Exchange Inc.,USD,1.00,,-,2006
416,FDC,FIRST DATA CORP.,-,Equity,46328814.0,0.267245,46328814,1103067.0,319963104,US3199631041,2344331,42.0,United States,New York Stock Exchange Inc.,USD,1.00,,-,2006
417,PA9,TRAVELERS COMPANIES INC,-,Equity,46700283.05,0.269388,46700283,995954.0,89417E109,US89417E1091,5828263,46.89,United States,Boerse Muenchen,USD,1.00,,-,2006
418,MRK,MERCK & CO INC,-,Equity,47165816.94,0.272074,47165817,2135166.0,58933Y105,US58933Y1055,2778844,22.09,United States,New York Stock Exchange Inc.,USD,1.00,,-,2006
419,FDX,FEDEX CORP,-,Equity,48000586.92,0.276889,48000587,441669.0,31428X106,US31428X1063,2142784,108.68,United States,New York Stock Exchange Inc.,USD,1.00,,-,2006
420,EBAY,EBAY INC,-,Equity,48016004.04,0.276978,48016004,1693089.0,278642103,US2786421030,2293819,28.36,United States,NASDAQ,USD,1.00,,-,2006
421,ALD,HONEYWELL INTERNATIONAL INC,-,Equity,48280486.8,0.278503,48280487,1180452.0,438516106,US4385161066,4020822,40.9,United States,Boerse Berlin,USD,1.00,,-,2006
422,EMR,EMERSON ELECTRIC,-,Equity,49282425.5,0.284283,49282426,587675.0,291011104,US2910111044,2313405,83.86,United States,New York Stock Exchange Inc.,USD,1.00,,-,2006
423,BUD.2,ANHEUSER-BUSCH COMPANIES INC.,-,Equity,52640509.88,0.303654,52640510,1107988.0,035229103,US0352291035,2033004,47.51,United States,New York Stock Exchange Inc.,USD,1.00,,-,2006
424,PRU*,PRUDENTIAL FINANCIAL INC,-,Equity,53301266.25,0.307466,53301266,699033.0,744320102,US7443201022,B29FB62,76.25,United States,Bolsa Mexicana De Valores,USD,1.00,,-,2006
425,DOW,DOW CHEMICAL,-,Equity,53914914.14,0.311005,53914914,1383143.0,260543103,US2605431038,2278719,38.98,United States,New York Stock Exchange Inc.,USD,1.00,,-,2006
426,DUK,DUKE ENERGY CORP.,-,Equity,54547662.86,0.314655,54547663,1806214.0,26441C105,US26441C1053,B127425,30.2,United States,New York Stock Exchange Inc.,USD,1.00,,-,2006
427,GLW,CORNING INC,-,Equity,54887032.27,0.316613,54887032,2248547.0,219350105,US2193501051,2224701,24.41,United States,New York Stock Exchange Inc.,USD,1.00,,-,2006
428,ALL,ALLSTATE CORP,-,Equity,56913862.59,0.328305,56913863,907283.0,020002101,US0200021014,2019952,62.73,United States,New York Stock Exchange Inc.,USD,1.00,,-,2006
429,DD,E I DU PONT DE NEMOURS,-,Equity,56932132.32,0.32841,56932132,1328948.0,263534109,US2635341090,2018175,42.84,United States,New York Stock Exchange Inc.,USD,1.00,,-,2006
430,LEHMQ,LEHMAN BROTHERS HOLDINGS INC.,-,Equity,57204643.86,0.329982,57204644,774501.0,524908100,US5249081002,2510723,73.86,United States,Non-Nms Quotation Service (Nnqs),USD,1.00,,-,2006
431,EXC,EXELON CORP,-,Equity,58436840.4,0.33709,58436840,965260.0,30161N101,US30161N1019,2670519,60.54,United States,NASDAQ,USD,1.00,,-,2006
432,OXY,OCCIDENTAL PETROLEUM CORP,-,Equity,59757046.12,0.344705,59757046,1242092.0,674599105,US6745991058,2655408,48.11,United States,New York Stock Exchange Inc.,USD,1.00,,-,2006
433,WAMUQ,WASHINGTON MUTUAL CORP,-,Equity,60338229.24,0.348058,60338229,1388043.0,939322103,US9393221034,2942188,43.47,United States,Non-Nms Quotation Service (Nnqs),USD,1.00,,-,2006
434,LOW,LOWES COMPANIES INC,-,Equity,61787558.8,0.356418,61787559,2201980.0,548661107,US5486611073,2536763,28.06,United States,New York Stock Exchange Inc.,USD,1.00,,-,2006
435,MWZ,METLIFE INC,-,Equity,62015288.4,0.357732,62015288,1094130.0,59156R108,US59156R1086,5949841,56.68,United States,Deutsche Boerse Xetra,USD,1.00,,-,2006
436,CAT,CATERPILLAR INC,-,Equity,62185540.2,0.358714,62185540,945069.0,149123101,US1491231015,4516310,65.8,United States,SIX Swiss Exchange,USD,1.00,,-,2006
437,WAG,WALGREEN,-,Equity,64484154.47,0.371973,64484154,1452673.0,931422109,US9314221097,2934839,44.39,United States,New York Stock Exchange Inc.,USD,1.00,,-,2006
438,FMCC,FEDERAL HOME LOAN MORTGAGE CORP,-,Equity,66043786.05,0.38097,66043786,995685.0,313400301,US3134003017,2334150,66.33,United States,Non-Nms Quotation Service (Nnqs),USD,1.00,,-,2006
439,NCRA,NEWS CORP. CL A,-,Equity,66170785.5,0.381703,66170786,3367470.0,65248E104,US65248E1047,B03DQ41,19.65,United States,NASDAQ,USD,1.00,,-,2006
440,TGT,TARGET CORP,-,Equity,68369775.5,0.394387,68369776,1237462.0,87612E106,US87612E1064,2259101,55.25,United States,New York Stock Exchange Inc.,USD,1.00,,-,2006
441,ANTM,WELLPOINT INC,-,Equity,68819827.2,0.396984,68819827,893184.0,94973V107,US94973V1070,2794743,77.05,United States,New York Stock Exchange Inc.,USD,1.00,,-,2006
442,MCD,MCDONALDS CORP,-,Equity,69134115.84,0.398796,69134116,1767232.0,580135101,US5801351017,2550707,39.12,United States,New York Stock Exchange Inc.,USD,1.00,,-,2006
443,BMY,BRISTOL MYERS SQUIBB,-,Equity,70621635.28,0.407377,70621635,2833934.0,110122108,US1101221083,2126335,24.92,United States,New York Stock Exchange Inc.,USD,1.00,,-,2006
444,TXN,TEXAS INSTRUMENT INC,-,Equity,73433423.0,0.423597,73433423,2208524.0,882508104,US8825081040,2885409,33.25,United States,NASDAQ,USD,1.00,,-,2006
445,S,SPRINT NEXTEL CORP,-,Equity,73830973.03,0.42589,73830973,4305013.0,852061100,US8520611000,2922447,17.15,United States,New York Stock Exchange Inc.,USD,1.00,,-,2006
446,DELL,DELL INC.,-,Equity,74767699.28,0.431294,74767699,3273542.0,24702R101,US24702R1014,2261526,22.84,United States,NASDAQ,USD,1.00,,-,2006
447,MDT,MEDTRONIC PLC,-,Equity,76913602.92,0.443672,76913603,1656193.0,585055106,US5850551061,2575465,46.44,United States,New York Stock Exchange Inc.,USD,1.00,,-,2006
448,FNMA,FEDERAL NATIONAL MORTGAGE ASSOCIAT,-,Equity,77981478.88,0.449832,77981479,1394768.0,313586109,US3135861090,2333889,55.91,United States,Non-Nms Quotation Service (Nnqs),USD,1.00,,-,2006
449,LLY,ELI LILLY,-,Equity,80774700.0,0.465945,80774700,1417100.0,532457108,US5324571083,2516152,57.0,United States,New York Stock Exchange Inc.,USD,1.00,,-,2006
450,MMM,3M,-,Equity,80775021.48,0.465946,80775021,1085394.0,88579Y101,US88579Y1010,2595708,74.42,United States,New York Stock Exchange Inc.,USD,1.00,,-,2006
451,TYC,TYCO INTERNATIONAL LTD.,-,Equity,81259336.44,0.46874,81259336,2903156.0,902124106,BM9021241064,2038010,27.99,Bermuda,New York Stock Exchange Inc.,USD,1.00,,-,2006
452,USB,US BANCORP,-,Equity,85070373.96,0.490724,85070374,2560818.0,902973304,US9029733048,2736035,33.22,United States,New York Stock Exchange Inc.,USD,1.00,,-,2006
453,BGIXX,BLK CASH FUND INST INST CLASS,-,Cash,85564526.1,0.493574,85564526,85564526.1,066922790,US0669227904,2698210,1.0,United States,-,USD,1.00,,-,2006
454,QCI,QUALCOMM INC,-,Equity,86519433.95,0.499083,86519434,2380177.0,747525103,US7475251036,5382468,36.35,United States,Deutsche Boerse Xetra,USD,1.00,,-,2006
455,MOT,MOTOROLA INC,-,Equity,88256700.0,0.509104,88256700,3530268.0,620076109,US6200761095,2606600,25.0,United States,New York Stock Exchange Inc.,USD,1.00,,-,2006
456,BA,BOEING,-,Equity,90313607.25,0.520969,90313607,1145385.0,097023105,US0970231058,2108601,78.85,United States,New York Stock Exchange Inc.,USD,1.00,,-,2006
457,UTX,UNITED TECHNOLOGIES CORP,-,Equity,92323819.35,0.532565,92323819,1457361.0,913017109,US9130171096,2915500,63.35,United States,New York Stock Exchange Inc.,USD,1.00,,-,2006
458,DIS,WALT DISNEY,-,Equity,93090905.16,0.53699,93090905,3011676.0,254687106,US2546871060,2270726,30.91,United States,New York Stock Exchange Inc.,USD,1.00,,-,2006
459,AAPL*,APPLE INC,-,Equity,94398801.43,0.544534,94398801,1225481.0,037833100,US0378331005,B011001,77.03,United States,Bolsa Mexicana De Valores,USD,1.00,,-,2006
460,UNH,UNITEDHEALTH GROUP INC,-,Equity,95490656.4,0.550833,95490656,1940867.0,91324P102,US91324P1021,2917766,49.2,United States,New York Stock Exchange Inc.,USD,1.00,,-,2006
461,AEC1,AMERICAN EXPRESS,-,Equity,98164338.72,0.566256,98164339,1750434.0,025816109,US0258161092,4028440,56.08,United States,Boerse Berlin,USD,1.00,,-,2006
462,WYE,WYETH,-,Equity,98573116.76,0.568614,98573117,1938889.0,983024100,US9830241009,2027104,50.84,United States,New York Stock Exchange Inc.,USD,1.00,,-,2006
463,MER,MERRILL LYNCH & CO. INC.,-,Equity,99906182.12,0.576304,99906182,1277246.0,590188108,US5901881087,2580986,78.22,United States,New York Stock Exchange Inc.,USD,1.00,,-,2006
464,ORCL,ORACLE CORP,-,Equity,103097464.68,0.594712,103097465,5811582.0,68389X105,US68389X1054,2661568,17.74,United States,New York Stock Exchange Inc.,USD,1.00,,-,2006
465,GS,GOLDMAN SACHS GROUP INC,-,Equity,105222894.15,0.606973,105222894,621995.0,38141G104,US38141G1040,2407966,169.17,United States,New York Stock Exchange Inc.,USD,1.00,,-,2006
466,SLBA,SCHLUMBERGER LTD.,-,Equity,105824978.87,0.610446,105824979,1706029.0,-,AN8068571086,4779232,62.03,United States,Euronext Amsterdam,USD,1.00,,-,2006
467,TWX,TIME WARNER INC.,-,Equity,106822622.68,0.616201,106822623,5859716.0,887317105,US8873171057,2712165,18.23,United States,New York Stock Exchange Inc.,USD,1.00,,-,2006
468,ABT,ABBOTT LABORATORIES,-,Equity,106894448.16,0.616615,106894448,2201286.0,002824100,US0028241000,2002305,48.56,United States,New York Stock Exchange Inc.,USD,1.00,,-,2006
469,HD,HOME DEPOT INC,-,Equity,107862446.25,0.622199,107862446,2973875.0,437076102,US4370761029,2434209,36.27,United States,New York Stock Exchange Inc.,USD,1.00,,-,2006
470,CMCSA,COMCAST CORP CLASS A,-,Equity,111112257.31,0.640945,111112257,3015258.0,20030N101,US20030N1019,2044545,36.85,United States,NASDAQ,USD,1.00,,-,2006
471,BLS,BELLSOUTH CORPORATION,-,Equity,111840070.5,0.645144,111840071,2616142.0,079860102,US0798601029,2090601,42.75,United States,New York Stock Exchange Inc.,USD,1.00,,-,2006
472,UPS,UNITED PARCEL SERVICE INC CLASS B,-,Equity,112047413.28,0.64634,112047413,1557512.0,911312106,US9113121068,2517382,71.94,United States,New York Stock Exchange Inc.,USD,1.00,,-,2006
473,MS,MORGAN STANLEY,-,Equity,112606359.87,0.649564,112606360,1544457.0,617446448,US6174464486,2262314,72.91,United States,New York Stock Exchange Inc.,USD,1.00,,-,2006
474,AMGN,AMGEN INC,-,Equity,120634915.82,0.695876,120634916,1686494.0,031162100,US0311621009,2023607,71.53,United States,NASDAQ,USD,1.00,,-,2006
475,GOOGL,GOOGLE INC CLASS A,-,Equity,123368831.6,0.711647,123368832,306964.0,-,US38259P5089,B84V7F8,401.9,United States,Spot Regulated Market - Bvb,USD,1.00,,-,2006
476,WB,WACHOVIA CORP.,-,Equity,127782613.8,0.737107,127782614,2290011.0,929903102,US9299031024,2341860,55.8,United States,New York Stock Exchange Inc.,USD,1.00,,-,2006
477,KO,COCA-COLA,-,Equity,131183473.56,0.756725,131183474,2936067.0,191216100,US1912161007,2206657,44.68,United States,New York Stock Exchange Inc.,USD,1.00,,-,2006
478,MRK,MERCK & CO INC,-,Equity,131363539.2,0.757764,131363539,3135168.0,589331107,US5893311077,2578312,41.9,United States,New York Stock Exchange Inc.,USD,1.00,,-,2006
479,COP,CONOCOPHILLIPS,-,Equity,141322612.71,0.815212,141322613,2373973.0,20825C104,US20825C1045,2685717,59.53,United States,New York Stock Exchange Inc.,USD,1.00,,-,2006
480,HPQ,HEWLETT PACKARD,-,Equity,144776355.15,0.835135,144776355,3945935.0,428236103,US4282361033,2424006,36.69,United States,New York Stock Exchange Inc.,USD,1.00,,-,2006
481,PEP,PEPSICO INC,-,Equity,155003333.16,0.894128,155003333,2375166.0,713448108,US7134481081,2681511,65.26,United States,NASDAQ,USD,1.00,,-,2006
482,VZ,VERIZON COMMUNICATIONS INC,-,Equity,155056142.43,0.894433,155056142,4176034.0,92343V104,US92343V1044,2090571,37.13,United States,New York Stock Exchange Inc.,USD,1.00,,-,2006
483,INCO,INTEL CORPORATION CORP,-,Equity,170926476.71,0.98598,170926477,8309503.0,458140100,US4581401001,5923652,20.57,United States,Euronext Amsterdam,USD,1.00,,-,2006
484,WMT,WALMART INC,-,Equity,174764137.68,1.008118,174764138,3543474.0,931142103,US9311421039,2961280,49.32,United States,Bolsa De Valores De Lima,USD,1.00,,-,2006
485,WFC*,WELLS FARGO,-,Equity,175502269.62,1.012376,175502270,4850809.0,949746101,US9497461015,B045BZ2,36.18,United States,Bolsa Mexicana De Valores,USD,1.00,,-,2006
486,IBM,INTERNATIONAL BUSINESS MACHINES CO,-,Equity,179641322.88,1.036251,179641323,2192352.0,459200101,US4592001014,2005973,81.94,United States,New York Stock Exchange Inc.,USD,1.00,,-,2006
487,T,AT&T INC,-,Equity,182187786.86,1.050941,182187787,5595448.0,00206R102,US00206R1023,2831811,32.56,United States,New York Stock Exchange Inc.,USD,1.00,,-,2006
488,CSCO,CISCO SYSTEMS INC,-,Equity,202263403.0,1.166746,202263403,8794061.0,17275R102,US17275R1023,2198163,23.0,United States,NASDAQ,USD,1.00,,-,2006
489,CVX,CHEVRON CORP,-,Equity,205368488.07,1.184657,205368488,3166335.0,166764100,US1667641005,2838555,64.86,United States,New York Stock Exchange Inc.,USD,1.00,,-,2006
490,MO,ALTRIA GROUP INC,-,Equity,230849461.95,1.331643,230849462,3015669.0,02209S103,US02209S1033,2692632,76.55,United States,New York Stock Exchange Inc.,USD,1.00,,-,2006
491,JPM,JPMORGAN CHASE,-,Equity,234830570.96,1.354608,234830571,5000651.0,-,US46625H1005,0190031,46.96,United States,London Stock Exchange,USD,1.00,,-,2006
492,AIG*,AMERICAN INTERNATIONAL GROUP INC,-,Equity,248046629.09,1.430844,248046629,3743535.0,026874784,US0268747849,B00PHX6,66.26,United States,Bolsa Mexicana De Valores,USD,1.00,,-,2006
493,JNJ,JOHNSON & JOHNSON,-,Equity,273620858.54,1.578367,273620859,4213441.0,478160104,US4781601046,2475833,64.94,United States,New York Stock Exchange Inc.,USD,1.00,,-,2006
494,PG,PROCTER & GAMBLE,-,Equity,283473029.59,1.635199,283473030,4573621.0,742718109,US7427181091,2704407,61.98,United States,New York Stock Exchange Inc.,USD,1.00,,-,2006
495,PFE,PFIZER INC,-,Equity,297867689.13,1.718234,297867689,10503092.0,717081103,US7170811035,2684703,28.36,United States,New York Stock Exchange Inc.,USD,1.00,,-,2006
496,MSFT,MICROSOFT CORP,-,Equity,340023079.38,1.961405,340023079,12441386.0,594918104,US5949181045,2588173,27.33,United States,NASDAQ,USD,1.00,,-,2006
497,BAC,BANK OF AMERICA CORP,-,Equity,349236543.96,2.014552,349236544,6519256.0,060505104,US0605051046,BHZL9B0,53.57,United States,SIX Swiss Exchange,USD,1.00,,-,2006
498,0R01,CITIGROUP INC,-,Equity,353721577.11,2.040424,353721577,7121433.0,172967101,US1729671016,B0ZC1L8,49.67,United States,London Stock Exchange,USD,1.00,,-,2006
499,GEC,GENERAL ELECTRIC,-,Equity,524896844.7,3.02784,524896845,14869599.0,369604103,US3696041033,5254471,35.3,United States,Deutsche Boerse Xetra,USD,1.00,,-,2006
500,XOM,EXXON MOBIL CORP,-,Equity,574576629.0,3.314415,574576629,8562990.0,30231G102,US30231G1022,2326618,67.1,United States,New York Stock Exchange Inc.,USD,1.00,,-,2006
